,Xf,Xa,Xi,phi,Tad,Flammable
0,0.01,0.99,0.0,0.031879666227492325,402.58105403465396,0.0
1,0.01,0.9,0.09,0.038062770433454414,412.69668686433,0.0
2,0.01,0.8,0.19,0.046515159938865874,423.7177424292569,0.0
3,0.01,0.7,0.29,0.057299352502212436,434.5088147950028,0.0
4,0.01,0.6,0.39,0.07153467450924539,445.070782670531,0.0
5,0.01,0.5,0.49,0.09119332770709523,455.40525864352685,0.0
6,0.01,0.4,0.59,0.1201038522944638,465.5144862033586,0.0
7,0.01,0.3,0.69,0.1668073311651058,475.401245078169,0.0
8,0.01,0.2,0.79,0.2550312904217563,485.0687632689437,0.0
9,0.01,0.1,0.89,0.4844520067760187,494.5206482791171,0.0
10,0.01,0.0,0.99,2.55173904351856,406.6312506276455,0.0
11,0.02,0.98,0.0,0.06440993788819876,503.3207460988705,0.0
12,0.02,0.9,0.08,0.07272182902207718,511.33600399465087,0.0
13,0.02,0.8,0.18,0.08537935900396398,521.1409009407429,0.0
14,0.02,0.7,0.28,0.10153000031365951,530.7119741031083,0.0
15,0.02,0.6,0.38,0.12285121452235749,540.0539711734514,0.0
16,0.02,0.5,0.48,0.1522992262603123,549.171884144008,0.0
17,0.02,0.4,0.58,0.19561446411440803,558.0708910149908,0.0
18,0.02,0.3,0.68,0.26560872662901275,566.756294597954,0.0
19,0.02,0.2,0.78,0.39789935138632815,575.2334801445793,0.0
20,0.02,0.1,0.88,0.7423407101589511,583.5078723428039,0.0
21,0.02,0.0,0.98,3.874223176192285,417.4255791234116,0.0
22,0.03,0.97,0.0,0.09761093679964143,601.7606120823352,0.0
23,0.03,0.9,0.07,0.10739979673360521,607.8355952275824,0.0
24,0.03,0.8,0.17,0.12426733319284033,616.3232253971161,0.0
25,0.03,0.7,0.27,0.14579144108422534,624.5921641496441,0.0
26,0.03,0.6,0.37,0.1742092017284308,632.6489415334187,0.0
27,0.03,0.5,0.47,0.21346388902732363,640.5000053862432,0.0
28,0.03,0.4,0.57,0.271214800852125,648.1517016698979,0.0
29,0.03,0.3,0.67,0.3645637051305173,655.6102547814662,0.0
30,0.03,0.2,0.77,0.541088435656877,662.8817550006102,0.0
31,0.03,0.1,0.87,1.0012744714880386,669.5065987682412,0.0
32,0.03,0.0,0.97,5.223975022941758,428.2897730107577,0.0
33,0.04,0.96,0.0,0.1315036231884058,697.6033211638503,0.0
34,0.04,0.9,0.06,0.14209668904678374,701.978057476125,0.0
35,0.04,0.8,0.16,0.16317910432877228,709.1109932293514,0.0
36,0.04,0.7,0.26,0.19008370698175828,716.052109027133,0.0
37,0.04,0.6,0.36,0.22560868636167325,722.8081679924383,0.0
38,0.04,0.5,0.46,0.27468740081730864,729.3856975876399,0.0
39,0.04,0.4,0.56,0.3469050225251245,735.7909955259335,0.0
40,0.04,0.3,0.66,0.4636726250567155,742.0301327204617,0.0
41,0.04,0.2,0.76,0.6845996264553151,748.1089845388644,0.0
42,0.04,0.1,0.86,1.2612596560875904,661.7428346713175,0.0
43,0.04,0.0,0.96,6.601846699831843,439.0292189267864,0.0
44,0.05,0.95,0.0,0.16610983981693364,790.7340591497059,0.0
45,0.05,0.8,0.15,0.20211469426175402,799.472671164304,0.0
46,0.05,0.7,0.25,0.23440683021892772,805.0982684370526,0.0
47,0.05,0.6,0.35,0.27704971873750434,810.5708760428287,0.0
48,0.05,0.5,0.45,0.3359698466027218,815.8963012377238,0.0
49,0.05,0.4,0.55,0.4226852895316486,821.0801115926378,0.0
50,0.05,0.3,0.65,0.5629358459106376,826.1276669493558,0.0
51,0.05,0.2,0.75,0.828434011882499,831.0443216363983,0.0
52,0.05,0.1,0.85,1.5223026810809994,661.3319066020777,0.0
53,0.05,0.0,0.95,8.008726201498563,449.63564398418305,0.0
54,0.06,0.94,0.0,0.20145235892691946,881.209346880398,0.0
55,0.06,0.8,0.14,0.2410741248685378,887.4989342597953,0.0
56,0.06,0.7,0.24,0.27876084305330207,891.8415369709905,0.0
57,0.06,0.6,0.34,0.3285323492527194,896.0648201818,0.0
58,0.06,0.5,0.44,0.3973113115196861,900.1735282129415,0.0
59,0.06,0.4,0.54,0.4985557626518031,904.1722432856329,0.0
60,0.06,0.3,0.64,0.6623537283155924,908.0655357955412,0.0
61,0.06,0.2,0.74,0.972592684945727,911.8596744090407,0.0
62,0.06,0.1,0.84,1.7844100159187215,663.9640307467168,0.0
63,0.06,0.0,0.94,9.445539309583726,460.100039099907,0.0
64,0.07,0.93,0.0,0.2375549322113137,969.2300850889682,0.0
65,0.07,0.8,0.13,0.280057418052675,973.3905760083942,0.0
66,0.07,0.7,0.23,0.32314577778742765,976.4877299048887,0.0
67,0.07,0.6,0.33,0.38005662838565396,979.499252185474,0.0
68,0.07,0.5,0.43,0.4587118808683873,982.4287835974714,0.0
69,0.07,0.4,0.53,0.5745166030486965,985.2800135656144,0.0
70,0.07,0.3,0.63,0.7619266340195365,988.0572990096623,0.0
71,0.07,0.2,0.73,1.1170767435864306,915.9124818959764,0.0
72,0.07,0.1,0.83,2.047588182912732,667.490346485001,0.0
73,0.07,0.0,0.93,10.913251624294372,470.4127690824183,0.0
74,0.08,0.92,0.0,0.2744423440453686,1055.1113395449677,0.0
75,0.08,0.8,0.12,0.31906459574455676,1057.4422260583403,0.0
76,0.08,0.7,0.22,0.36756166676890617,1059.3244960258469,0.0
77,0.08,0.6,0.32,0.43162260669634966,1061.1548518646246,0.0
78,0.08,0.5,0.42,0.5201716401134692,1062.9360031804106,0.0
79,0.08,0.4,0.52,0.650567972269579,1064.6712310476091,0.0
80,0.08,0.3,0.62,0.8616549258994615,1066.3670306925005,0.0
81,0.08,0.2,0.72,1.2618872907080416,902.5024000664051,0.0
82,0.08,0.1,0.82,2.3118437577775333,671.3374057224701,0.0
83,0.08,0.0,0.92,12.412870728455252,480.5637376436668,0.0
84,0.09,0.91,0.0,0.3121404682274247,1139.104349549102,0.0
85,0.09,0.8,0.11,0.35809567990145535,1139.8844227623333,0.0
86,0.09,0.7,0.21,0.41200854239047424,1140.5738836061983,0.0
87,0.09,0.6,0.31,0.483230334826718,1141.2461497391162,0.0
88,0.09,0.5,0.41,0.5816906748844298,1141.903341370275,0.0
89,0.09,0.4,0.51,0.7267100322469896,1142.5495437688608,0.0
90,0.09,0.3,0.61,0.961538967965801,1143.2046888328202,0.0
91,0.09,0.2,0.71,1.407025434204061,889.3597454618016,0.0
92,0.09,0.1,0.81,2.57718337017784,675.2915044498894,0.0
93,0.09,0.0,0.91,13.94544849424604,490.5426122240907,0.0
94,0.1,0.9,0.0,0.3506763285024155,1221.3158934648327,0.0
95,0.1,0.8,0.1,0.3971506925075655,1220.8197494702479,0.0
96,0.1,0.7,0.2,0.45648643709008135,1220.3415550244656,0.0
97,0.1,0.6,0.3,0.5348798635007073,1219.882067684613,0.0
98,0.1,0.5,0.4,0.6432690709760203,1219.4436783017657,0.0
99,0.1,0.4,0.5,0.8029429452999052,1219.0346255174936,0.0
100,0.1,0.3,0.6,1.0615791253668616,1162.3035395439854,0.0
101,0.1,0.2,0.7,1.5524922869863091,876.4883160751463,0.0
102,0.1,0.1,0.8,2.843613704282995,679.2542204512117,0.0
103,0.1,0.0,0.9,15.512083543721076,500.339055480061,0.0
104,0.11,0.89,0.0,0.39007816316560817,1301.8312117442713,1.0
105,0.11,0.88,0.01,0.3947515240871878,1301.6621209693265,1.0
106,0.11,0.87,0.02,0.3995296167351136,1301.4935904915326,1.0
107,0.11,0.86,0.03,0.40441600161995644,1301.325619042901,1.0
108,0.11,0.85,0.04,0.4094144024953104,1301.1582055172717,1.0
109,0.11,0.84,0.05,0.4145287158217672,1300.991348889318,1.0
110,0.11,0.83,0.06,0.41976302089702394,1300.8250482396927,1.0
111,0.11,0.82,0.07,0.42512159070746774,1300.6593027633724,1.0
112,0.11,0.81,0.08,0.43060890356191106,1300.4941117634464,1.0
113,0.11,0.8,0.09,0.43622965557404547,1300.3294746762022,1.0
114,0.11,0.79,0.1,0.4419887740667393,1300.1653906882595,1.0
115,0.11,0.78,0.11,0.4478914319785973,1300.001860637113,1.0
116,0.11,0.77,0.12,0.45394306336131146,1299.8388832119285,1.0
117,0.11,0.76,0.13,0.4601493800653958,1299.6764587730868,1.0
118,0.11,0.75,0.14,0.46651638972199094,1299.5145875066,1.0
119,0.11,0.74,0.15,0.4730504151397364,1299.3532697841674,1.0
120,0.11,0.73,0.16,0.47975811524834977,1299.192506177602,1.0
121,0.11,0.72,0.17,0.486646507734746,1299.0322986137887,1.0
122,0.11,0.71,0.18,0.4937229935334495,1298.8726462500065,1.0
123,0.11,0.7,0.19,0.5009953833509689,1298.7135511594888,1.0
124,0.11,0.69,0.2,0.5084719264239814,1298.5550149049807,1.0
125,0.11,0.68,0.21,0.5161613417339225,1298.3970393618588,1.0
126,0.11,0.67,0.22,0.5240728519263116,1298.2396267447318,1.0
127,0.11,0.66,0.23,0.5322162202122384,1298.0827796466278,1.0
128,0.11,0.65,0.24,0.5406017905624473,1297.926501080198,1.0
129,0.11,0.64,0.25,0.5492405315419504,1297.7707945259733,1.0
130,0.11,0.63,0.26,0.5581440841757509,1297.615663988327,1.0
131,0.11,0.62,0.27,0.5673248142849102,1297.4611140606878,1.0
132,0.11,0.61,0.28,0.576795869787735,1297.3071500018993,1.0
133,0.11,0.6,0.29,0.5865712435244689,1297.1537778261516,1.0
134,0.11,0.59,0.3,0.5966658422367992,1297.001004409511,1.0
135,0.11,0.58,0.31,0.6070955624173289,1296.8488376169166,1.0
136,0.11,0.57,0.32,0.617877373840732,1296.697286454627,1.0
137,0.11,0.56,0.33,0.6290294116998013,1296.5463612546266,1.0
138,0.11,0.55,0.34,0.6405710783986172,1296.3960738994977,1.0
139,0.11,0.54,0.35,0.6525231562047313,1296.2464380991132,1.0
140,0.11,0.53,0.36,0.6649079321363113,1296.0974697344952,1.0
141,0.11,0.52,0.37,0.6777493366631051,1295.9491872897615,1.0
142,0.11,0.51,0.38,0.6910730980373273,1295.8016124013154,1.0
143,0.11,0.5,0.39,0.7049069143486419,1295.6547705655178,1.0
144,0.11,0.49,0.4,0.7192806457243648,1295.5086920643441,1.0
145,0.11,0.48,0.41,0.7342265294814927,1295.3634131968395,1.0
146,0.11,0.47,0.42,0.7497794214931196,1295.2189779492364,1.0
147,0.11,0.46,0.43,0.7659770675728028,1295.0754403105286,1.0
148,0.11,0.45,0.44,0.7828604093245084,1294.9328675661995,1.0
149,0.11,0.44,0.45,0.8004739296751777,1294.7913451261265,1.0
150,0.11,0.43,0.46,0.8188660442294214,1294.6509838589743,1.0
151,0.11,0.42,0.47,0.8380895456959503,1294.5119317280326,1.0
152,0.11,0.41,0.48,0.8582021099765039,1294.3743932700143,1.0
153,0.11,0.4,0.49,0.879266874134892,1294.2386645137526,1.0
154,0.11,0.39,0.5,0.9013530984456404,1294.105201511984,1.0
155,0.11,0.38,0.51,0.9245369271468107,1293.9747729588496,1.0
156,0.11,0.37,0.52,0.9489022655027899,1293.8488717340201,1.0
157,0.11,0.36,0.53,0.9745417944656395,1293.7312680215234,1.0
158,0.11,0.35,0.54,1.0015581487963292,1292.0306185603747,1.0
159,0.11,0.34,0.55,1.0300652902153902,1262.6975870422646,0.0
160,0.11,0.33,0.56,1.060190114318357,1233.4288630792382,0.0
161,0.11,0.2,0.69,1.6982889670133756,863.9408025758332,0.0
162,0.11,0.1,0.79,3.111141499328258,684.3147337704393,0.0
163,0.11,0.0,0.89,17.113923875206776,509.9430157500928,0.0
164,0.12,0.88,0.0,0.4303754940711462,1380.7221248703972,1.0
165,0.12,0.87,0.01,0.43555422318801723,1380.4385337289043,1.0
166,0.12,0.86,0.02,0.44085035824813723,1380.1558892741718,1.0
167,0.12,0.85,0.03,0.44626793755769417,1379.8741897290638,1.0
168,0.12,0.84,0.04,0.45181118677354765,1379.59343351447,1.0
169,0.12,0.83,0.05,0.4574845298955088,1379.3136192594898,1.0
170,0.12,0.82,0.06,0.4632926010417412,1379.0347458129486,1.0
171,0.12,0.81,0.07,0.4692402570731524,1378.7568122564023,1.0
172,0.12,0.8,0.08,0.47533259113905835,1378.47981791879,1.0
173,0.12,0.79,0.09,0.4815749472235237,1378.203762392943,1.0
174,0.12,0.78,0.1,0.4879729357796954,1377.9286455541726,1.0
175,0.12,0.77,0.11,0.4945324505482687,1377.6544675812136,1.0
176,0.12,0.76,0.12,0.5012596866660562,1377.3812289798436,1.0
177,0.12,0.75,0.13,0.5081611601816092,1377.1089306095516,1.0
178,0.12,0.74,0.14,0.5152437291071121,1376.837573713713,1.0
179,0.12,0.73,0.15,0.5225146161495258,1376.56715995379,1.0
180,0.12,0.72,0.16,0.5299814332793474,1376.2976914481987,1.0
181,0.12,0.71,0.17,0.5376522083126809,1376.029170816585,1.0
182,0.12,0.7,0.18,0.5455354137017504,1375.761601230443,1.0
183,0.12,0.69,0.19,0.5536399977509322,1375.4949864711446,1.0
184,0.12,0.68,0.2,0.5619754185000904,1375.2293309967238,1.0
185,0.12,0.67,0.21,0.5705516805449602,1374.9646400190493,1.0
186,0.12,0.66,0.22,0.5793793750959505,1374.700919593353,1.0
187,0.12,0.65,0.23,0.5884697236126017,1374.4381767226305,1.0
188,0.12,0.64,0.24,0.5978346253916849,1374.1764194799096,1.0
189,0.12,0.63,0.25,0.6074867095332797,1373.9156571523174,1.0
190,0.12,0.62,0.26,0.6174393917620485,1373.6559004117503,1.0
191,0.12,0.61,0.27,0.6277069366412944,1373.3971615183982,1.0
192,0.12,0.6,0.28,0.6383045257865229,1373.1394545650787,1.0
193,0.12,0.59,0.29,0.6492483327645117,1372.8827957727965,1.0
194,0.12,0.58,0.3,0.6605556054550242,1372.6272038511904,1.0
195,0.12,0.57,0.31,0.6722447567572866,1372.372700441999,1.0
196,0.12,0.56,0.32,0.6843354646445658,1372.1193106701387,1.0
197,0.12,0.55,0.33,0.6968487827104609,1371.8670638357817,1.0
198,0.12,0.54,0.34,0.7098072625132573,1371.6159942940997,1.0
199,0.12,0.53,0.35,0.7232350892139615,1371.3661425884077,1.0
200,0.12,0.52,0.36,0.7371582322242948,1371.117556931631,1.0
201,0.12,0.51,0.37,0.7516046128389345,1370.8702951759267,1.0
202,0.12,0.5,0.38,0.7666042911287477,1370.6244274816368,1.0
203,0.12,0.49,0.39,0.7821896747273616,1370.38004001372,1.0
204,0.12,0.48,0.4,0.7983957525627673,1370.1372401921562,1.0
205,0.12,0.47,0.41,0.8152603570816579,1369.8961643735374,1.0
206,0.12,0.46,0.42,0.8328244591028057,1369.6569894913432,1.0
207,0.12,0.45,0.43,0.851132500136559,1369.41995145934,1.0
208,0.12,0.44,0.44,0.8702327678447875,1369.1853758284724,1.0
209,0.12,0.43,0.45,0.8901778213194875,1368.9537323429192,1.0
210,0.12,0.42,0.46,0.9110249740664456,1368.7257407641116,1.0
211,0.12,0.41,0.47,0.932836844040167,1368.502601636854,1.0
212,0.12,0.4,0.48,0.9556819818472656,1368.2865904012876,1.0
213,0.12,0.39,0.49,0.9796355903931696,1368.082939200871,1.0
214,0.12,0.38,0.5,1.0047803518875074,1362.5725403747076,1.0
215,0.12,0.37,0.51,1.031207381369992,1333.2851893429404,1.0
216,0.12,0.36,0.52,1.0590173299295342,1304.0488549204558,1.0
217,0.12,0.35,0.53,1.088321665770132,1274.8746052153092,1.0
218,0.12,0.34,0.54,1.1192441674955784,1245.7706243161213,0.0
219,0.12,0.33,0.55,1.1519226717925806,1216.7456518686058,0.0
220,0.12,0.2,0.68,1.844416597319254,851.8843611885075,0.0
221,0.12,0.1,0.78,3.3797735501830277,689.2106852320137,0.0
222,0.12,0.0,0.88,18.7521696687717,519.3449920343303,0.0
223,0.13,0.87,0.0,0.4715992003998001,1458.0476540160405,1.0
224,0.13,0.86,0.01,0.4773055509396906,1457.654299887098,1.0
225,0.13,0.85,0.02,0.4831427901144679,1457.262288868246,1.0
226,0.13,0.84,0.03,0.48911547353117485,1456.871619609,1.0
227,0.13,0.83,0.04,0.49522837069023096,1456.4822911435695,1.0
228,0.13,0.82,0.05,0.5014864776878468,1456.0943029148082,1.0
229,0.13,0.81,0.06,0.5078950308345469,1455.707654801349,1.0
230,0.13,0.8,0.07,0.5144595212678135,1455.3223471483138,1.0
231,0.13,0.79,0.08,0.5211857106445671,1454.9383808020616,1.0
232,0.13,0.78,0.09,0.5280796480077324,1454.5557571495508,1.0
233,0.13,0.77,0.1,0.5351476879306745,1454.1744781629613,1.0
234,0.13,0.76,0.11,0.5423965100538966,1453.7945464503562,1.0
235,0.13,0.75,0.12,0.5498331401402523,1453.4159653133358,1.0
236,0.13,0.74,0.13,0.5574649727881813,1453.0387388127667,1.0
237,0.13,0.73,0.14,0.5652997959573142,1452.662871843964,1.0
238,0.13,0.72,0.15,0.573345817477443,1452.288370222902,1.0
239,0.13,0.71,0.16,0.5816116937305338,1451.9152407854451,1.0
240,0.13,0.7,0.17,0.5901065607164886,1451.5434915019634,1.0
241,0.13,0.69,0.18,0.5988400677370272,1451.173131610276,1.0
242,0.13,0.68,0.19,0.6078224139587803,1450.8041717705273,1.0
243,0.13,0.67,0.2,0.6170643881468709,1450.4366242464835,1.0
244,0.13,0.66,0.21,0.6265774118944234,1450.070503118875,1.0
245,0.13,0.65,0.22,0.636373586712201,1449.7058245378635,1.0
246,0.13,0.64,0.23,0.6464657453865704,1449.3426070236449,1.0
247,0.13,0.63,0.24,0.6568675080640964,1448.9808718267705,1.0
248,0.13,0.62,0.25,0.6675933435781817,1448.6206433631485,1.0
249,0.13,0.61,0.26,0.6786586365984063,1448.261949743405,1.0
250,0.13,0.6,0.27,0.690079761257926,1447.9048234226036,1.0
251,0.13,0.59,0.28,0.7018741619999521,1447.5493020052515,1.0
252,0.13,0.58,0.29,0.7140604424828219,1447.195429253127,1.0
253,0.13,0.57,0.3,0.7266584634966425,1446.8432563614833,1.0
254,0.13,0.56,0.31,0.73968945097547,1446.4928435958388,1.0
255,0.13,0.55,0.32,0.7531761153406347,1446.14426242105,1.0
256,0.13,0.54,0.33,0.7671427835867095,1445.797598315046,1.0
257,0.13,0.53,0.34,0.7816155457262172,1445.4529545544829,1.0
258,0.13,0.52,0.35,0.7966224174477242,1445.1104574125507,1.0
259,0.13,0.51,0.36,0.8121935211209155,1444.7702634634995,1.0
260,0.13,0.5,0.37,0.8283612876092429,1444.4325701265627,1.0
261,0.13,0.49,0.38,0.845160681735278,1444.0976313673302,1.0
262,0.13,0.48,0.39,0.8626294546973463,1443.7657819516726,1.0
263,0.13,0.47,0.4,0.8808084272724445,1443.4374765106,1.0
264,0.13,0.46,0.41,0.899741808277034,1443.11335574334,1.0
265,0.13,0.45,0.42,0.9194775535153058,1442.7943644879444,1.0
266,0.13,0.44,0.43,0.9400677713501734,1442.4819693097024,1.0
267,0.13,0.43,0.44,0.9615691821182981,1442.1784852949247,1.0
268,0.13,0.42,0.45,0.9840436399176369,1441.8847998369579,1.0
269,0.13,0.41,0.46,1.0075587268755803,1432.6639657257476,1.0
270,0.13,0.4,0.47,1.0321884319222525,1403.4274191460638,1.0
271,0.13,0.39,0.48,1.058013928428726,1374.2272593384273,1.0
272,0.13,0.38,0.49,1.0851244679280292,1345.0784211650457,1.0
273,0.13,0.37,0.5,1.113618410651199,1315.9878958260563,1.0
274,0.13,0.36,0.51,1.1436044179531326,1286.962751255909,1.0
275,0.13,0.35,0.52,1.1752028370963306,1258.010595491506,0.0
276,0.13,0.34,0.53,1.2085473155949702,1229.1396696021154,0.0
277,0.13,0.2,0.67,1.9908763060421806,840.6974913154525,0.0
278,0.13,0.1,0.77,3.6495167079261273,693.9298303927384,0.0
279,0.13,0.0,0.87,20.4280762851772,528.5363054179401,0.0
280,0.14,0.86,0.0,0.5137815975733067,1533.8518979005353,1.0
281,0.14,0.85,0.01,0.5200389786672637,1533.3541072277326,1.0
282,0.14,0.84,0.02,0.5264415952485031,1532.8580754416544,1.0
283,0.14,0.83,0.03,0.5329945631182859,1532.3638032307128,1.0
284,0.14,0.82,0.04,0.5397032411990085,1531.871292004334,1.0
285,0.14,0.81,0.05,0.5465732461503353,1531.3805439460773,1.0
286,0.14,0.8,0.06,0.5536104680526086,1530.891562073967,1.0
287,0.14,0.79,0.07,0.5608210872495755,1530.4043503090857,1.0
288,0.14,0.78,0.08,0.568211592451662,1529.9189135536558,1.0
289,0.14,0.77,0.09,0.5757888002112472,1529.4352577800541,1.0
290,0.14,0.76,0.1,0.5835598758928028,1528.9533901325408,1.0
291,0.14,0.75,0.11,0.5915323562734942,1528.4733190437798,1.0
292,0.14,0.74,0.12,0.5997141739240863,1527.9950543687162,1.0
293,0.14,0.73,0.13,0.6081136835359442,1527.5186075388624,1.0
294,0.14,0.72,0.14,0.6167396903777971,1527.043991740796,1.0
295,0.14,0.71,0.15,0.625601481086021,1526.5712221234442,1.0
296,0.14,0.7,0.16,0.6347088570147772,1526.1003160398577,1.0
297,0.14,0.69,0.17,0.6440721703977883,1525.6312933305658,1.0
298,0.14,0.68,0.18,0.6537023636022429,1525.1641766573168,1.0
299,0.14,0.67,0.19,0.6636110117877533,1524.6989920701133,1.0
300,0.14,0.66,0.2,0.6738103693200203,1524.2357687246122,1.0
301,0.14,0.65,0.21,0.6843134203305026,1523.7745406205092,1.0
302,0.14,0.64,0.22,0.6951339338606993,1523.315346515263,1.0
303,0.14,0.63,0.23,0.7062865240834876,1522.8582309305982,1.0
304,0.14,0.62,0.24,0.7177867161553659,1522.4032451852918,1.0
305,0.14,0.61,0.25,0.7296510183235847,1521.9504485951693,1.0
306,0.14,0.6,0.26,0.7418970009924393,1521.4999116935435,1.0
307,0.14,0.59,0.27,0.7545433835451245,1521.051712333232,1.0
308,0.14,0.58,0.28,0.7676101298234189,1520.605946429891,1.0
309,0.14,0.57,0.29,0.7811185532894739,1520.162726126825,1.0
310,0.14,0.56,0.3,0.7950914330348468,1519.7221852911277,1.0
311,0.14,0.55,0.31,0.8095531419649631,1519.2844852109251,1.0
312,0.14,0.54,0.32,0.824529788676362,1518.8498222503576,1.0
313,0.14,0.53,0.33,0.8400493747641152,1518.4184382516921,1.0
314,0.14,0.52,0.34,0.8561419695533931,1517.990634753035,1.0
315,0.14,0.51,0.35,0.8728399045491751,1517.566792241126,1.0
316,0.14,0.5,0.36,0.8901779902498864,1517.147394822593,1.0
317,0.14,0.49,0.37,0.9081937583843926,1516.7330549048424,1.0
318,0.14,0.48,0.38,0.926927733119651,1516.3245018336283,1.0
319,0.14,0.47,0.39,0.9464237353634785,1515.9223219794465,1.0
320,0.14,0.46,0.4,0.9667292249718958,1515.5248617884058,1.0
321,0.14,0.45,0.41,0.9878956864862178,1515.099036938243,1.0
322,0.14,0.44,0.42,1.0099790649997586,1502.3548879578861,1.0
323,0.14,0.43,0.43,1.0330402599229682,1473.1801548781518,1.0
324,0.14,0.42,0.44,1.0571456858229098,1444.0185844833857,1.0
325,0.14,0.41,0.45,1.0823679112134796,1414.8987476596153,1.0
326,0.14,0.4,0.46,1.1087863882361537,1385.8279371463907,1.0
327,0.14,0.39,0.47,1.1364882886855587,1356.812170463159,1.0
328,0.14,0.38,0.48,1.1655694649120094,1327.857612367381,1.0
329,0.14,0.37,0.49,1.1961355579182664,1298.9708803509052,1.0
330,0.14,0.36,0.5,1.2283032796453373,1270.1591614255362,0.0
331,0.14,0.35,0.51,1.262201902252398,1241.4302490828006,0.0
332,0.14,0.2,0.66,2.137669226453663,830.973089991794,0.0
333,0.14,0.1,0.76,3.920377880428234,698.4808402758732,0.0
334,0.14,0.0,0.86,22.142957474057237,537.5093080132157,0.0
335,0.15,0.85,0.0,0.5569565217391304,1608.157960240188,1.0
336,0.15,0.84,0.01,0.563789571101815,1607.5616091694978,1.0
337,0.15,0.83,0.02,0.5707831270402709,1606.9674616558443,1.0
338,0.15,0.82,0.03,0.5779429121530887,1606.375522453644,1.0
339,0.15,0.81,0.04,0.5852749243506052,1605.785797779801,1.0
340,0.15,0.8,0.05,0.5927854536128703,1605.1982951525163,1.0
341,0.15,0.79,0.06,0.600481099986747,1604.6130235759688,1.0
342,0.15,0.78,0.07,0.6083687929303789,1604.0299936751992,1.0
343,0.15,0.77,0.08,0.6164558121241895,1603.4492178500782,1.0
344,0.15,0.76,0.09,0.624749809879791,1602.8707104514265,1.0
345,0.15,0.75,0.1,0.6332588352917904,1602.2944879829474,1.0
346,0.15,0.74,0.11,0.6419913602927211,1601.7205693333726,1.0
347,0.15,0.73,0.12,0.650956307788391,1601.14897604411,1.0
348,0.15,0.72,0.13,0.6601630820700563,1600.5797328115616,1.0
349,0.15,0.71,0.14,0.6696216017213205,1600.0128664616986,1.0
350,0.15,0.7,0.15,0.6793423352618182,1599.4484107962733,1.0
351,0.15,0.69,0.16,0.6893363397969662,1598.8863987407135,1.0
352,0.15,0.68,0.17,0.6996153029737677,1598.3268737884418,1.0
353,0.15,0.67,0.18,0.7101915885773765,1597.7698797017151,1.0
354,0.15,0.66,0.19,0.7210782861424082,1597.215469648588,1.0
355,0.15,0.65,0.2,0.7322892649975626,1596.6637031632592,1.0
356,0.15,0.64,0.21,0.7438392332127263,1596.1146480916252,1.0
357,0.15,0.63,0.22,0.7557438019753594,1595.5683818987784,1.0
358,0.15,0.62,0.23,0.7680195559886625,1595.024993206159,1.0
359,0.15,0.61,0.24,0.780684130559086,1594.484583576257,1.0
360,0.15,0.6,0.25,0.7937562961266933,1593.9472695352592,1.0
361,0.15,0.59,0.26,0.8072560510904647,1593.4131847513986,1.0
362,0.15,0.58,0.27,0.8212047238939755,1592.8824821137978,1.0
363,0.15,0.57,0.28,0.8356250854674757,1592.3553350560608,1.0
364,0.15,0.56,0.29,0.850541473273187,1591.8319365018233,1.0
365,0.15,0.55,0.3,0.8659799283752055,1591.3124914579776,1.0
366,0.15,0.54,0.31,0.8819683471579114,1590.7971930884278,1.0
367,0.15,0.53,0.32,0.8985366495523974,1590.2861545984267,1.0
368,0.15,0.52,0.33,0.9157169659051654,1589.779213779497,1.0
369,0.15,0.51,0.34,0.9335438449446293,1589.2753214473455,1.0
370,0.15,0.5,0.35,0.9520544856776963,1588.7702628872123,1.0
371,0.15,0.49,0.36,0.9712889964917237,1588.244810128469,1.0
372,0.15,0.48,0.37,0.991290685259707,1587.5213175291328,1.0
373,0.15,0.47,0.38,1.0121063848647902,1571.6651059602773,1.0
374,0.15,0.46,0.39,1.0337868192940183,1542.5850233087915,1.0
375,0.15,0.45,0.4,1.056387016325162,1513.4675244968682,1.0
376,0.15,0.44,0.41,1.0799667738748049,1484.379496076506,1.0
377,0.15,0.43,0.42,1.104591188328463,1455.3320327834454,1.0
378,0.15,0.42,0.43,1.1303312546814475,1426.3313550348742,1.0
379,0.15,0.41,0.44,1.157264550141694,1397.3828527619285,1.0
380,0.15,0.4,0.45,1.185476015057516,1368.4919665113741,1.0
381,0.15,0.39,0.46,1.2150588477287478,1339.6644842419928,1.0
382,0.15,0.38,0.47,1.2461155329596159,1310.9066666748956,1.0
383,0.15,0.37,0.48,1.2787590282702312,1282.2253167585372,1.0
384,0.15,0.36,0.49,1.3131141366997854,1253.6278132846812,0.0
385,0.15,0.35,0.5,1.349319101366167,1225.1221353743624,0.0
386,0.15,0.2,0.65,2.2847964969877155,823.2149449104652,0.0
387,0.15,0.1,0.75,4.1923640329415734,702.872037314009,0.0
388,0.15,0.0,0.85,23.89818880855799,546.257589736688,0.0
389,0.16,0.84,0.0,0.6011594202898551,1680.9556010140084,1.0
390,0.16,0.83,0.01,0.6085940823403203,1680.2668335079118,1.0
391,0.16,0.82,0.02,0.6162055111526279,1679.5807356772877,1.0
392,0.16,0.81,0.03,0.6240000867913308,1678.8973174832417,1.0
393,0.16,0.8,0.04,0.6319845000951967,1678.2165906911102,1.0
394,0.16,0.79,0.05,0.640165771832817,1677.5385690033409,1.0
395,0.16,0.78,0.06,0.648551273292768,1676.8632682058983,1.0
396,0.16,0.77,0.07,0.6571487484352398,1676.1907063287022,1.0
397,0.16,0.76,0.08,0.6659663377450594,1675.5209038202013,1.0
398,0.16,0.75,0.09,0.6750126039405342,1674.853883750338,1.0
399,0.16,0.74,0.1,0.684296559708791,1674.1896719511635,1.0
400,0.16,0.73,0.11,0.6938276976564439,1673.5282973119859,1.0
401,0.16,0.72,0.12,0.703616022684819,1672.8697919297003,1.0
402,0.16,0.71,0.13,0.7136720870218486,1672.214191319892,1.0
403,0.16,0.7,0.14,0.7240070281685037,1671.5615345818667,1.0
404,0.16,0.69,0.15,0.7346326100466283,1670.9118644898351,1.0
405,0.16,0.68,0.16,0.7455612676677795,1670.2652275050368,1.0
406,0.16,0.67,0.17,0.7568061556796694,1669.6216734951702,1.0
407,0.16,0.66,0.18,0.7683812011886686,1668.9812551720681,1.0
408,0.16,0.65,0.19,0.7803011613043502,1668.344026876654,1.0
409,0.16,0.64,0.2,0.7925816859059908,1667.71004232906,1.0
410,0.16,0.63,0.21,0.8052393861923739,1667.0793505899214,1.0
411,0.16,0.62,0.22,0.8182919096462795,1666.4519889006988,1.0
412,0.16,0.61,0.23,0.8317580221250651,1665.8279699488667,1.0
413,0.16,0.6,0.24,0.845657697880361,1665.2072588603353,1.0
414,0.16,0.59,0.25,0.8600122184150218,1664.5897305002347,1.0
415,0.16,0.58,0.26,0.8748442812063157,1663.9750870861242,1.0
416,0.16,0.57,0.27,0.8901781194635799,1663.3626906220409,1.0
417,0.16,0.56,0.28,0.9060396342493734,1662.751196663277,1.0
418,0.16,0.55,0.29,0.9224565404793116,1662.1376719316966,1.0
419,0.16,0.54,0.3,0.9394585285317588,1661.5151514716463,1.0
420,0.16,0.53,0.31,0.957077443449815,1660.8642880146028,1.0
421,0.16,0.52,0.32,0.9753474840111068,1660.1122074817984,1.0
422,0.16,0.51,0.33,0.9943054242835745,1658.6410210638462,1.0
423,0.16,0.5,0.34,1.0139908606873533,1640.5556665612012,1.0
424,0.16,0.49,0.35,1.0344464880554733,1611.6609481341893,1.0
425,0.16,0.48,0.36,1.0557184087436362,1582.6052175673565,1.0
426,0.16,0.47,0.37,1.0778564794989856,1553.555418530904,1.0
427,0.16,0.46,0.38,1.1009147015808507,1524.5351474269291,1.0
428,0.16,0.45,0.39,1.1249516605590753,1495.5535447479429,1.0
429,0.16,0.44,0.4,1.1500310233301603,1466.6164924371894,1.0
430,0.16,0.43,0.41,1.1762221012284335,1437.729004281665,1.0
431,0.16,0.42,0.42,1.2036004897191572,1408.8959836052695,1.0
432,0.16,0.41,0.43,1.2322487971061935,1380.1225468140558,1.0
433,0.16,0.4,0.44,1.2622574770483084,1351.4141750456315,1.0
434,0.16,0.39,0.45,1.2937257825565296,1322.7768064617094,1.0
435,0.16,0.38,0.46,1.3267628626690515,1294.2168878463617,1.0
436,0.16,0.37,0.47,1.36148902733501,1265.7414139003326,0.0
437,0.16,0.36,0.48,1.3980372113967847,1237.3579491141,0.0
438,0.16,0.3,0.54,1.6651190846050044,1069.4847943244222,0.0
439,0.16,0.2,0.64,2.4322592612702816,817.4635546752208,0.0
440,0.16,0.1,0.74,4.465482188696971,707.1113863810045,0.0
441,0.16,0.0,0.84,25.695211365308754,554.7761038334498,0.0
442,0.17,0.83,0.0,0.6464274489261393,1752.178653540285,1.0
443,0.17,0.82,0.01,0.6544910588248789,1751.4028979127154,1.0
444,0.17,0.81,0.02,0.6627487548544114,1750.6302155938881,1.0
445,0.17,0.8,0.03,0.6712076296733984,1749.8606115121077,1.0
446,0.17,0.79,0.04,0.6798751257931013,1749.0940903385888,1.0
447,0.17,0.78,0.05,0.68875905741775,1748.330659199587,1.0
448,0.17,0.77,0.06,0.6978676339417221,1747.5703216925622,1.0
449,0.17,0.76,0.07,0.7072094852520403,1746.813082789399,1.0
450,0.17,0.75,0.08,0.7167936890001134,1746.0589453512966,1.0
451,0.17,0.74,0.09,0.7266298000238738,1745.3079096048264,1.0
452,0.17,0.73,0.1,0.7367278821207687,1744.5599716450388,1.0
453,0.17,0.72,0.11,0.7470985423937027,1743.8151213294177,1.0
454,0.17,0.71,0.12,0.7577529684163361,1743.0733392914701,1.0
455,0.17,0.7,0.13,0.7687029684914947,1742.3345926638171,1.0
456,0.17,0.69,0.14,0.7799610153072414,1741.598828879153,1.0
457,0.17,0.68,0.15,0.7915402933299257,1740.8659665551027,1.0
458,0.17,0.67,0.16,0.8034547503128169,1740.1358818610543,1.0
459,0.17,0.66,0.17,0.8157191533433988,1739.4083877135383,1.0
460,0.17,0.65,0.18,0.8283491499028626,1738.6832012688878,1.0
461,0.17,0.64,0.19,0.841361334468641,1737.9598916742023,1.0
462,0.17,0.63,0.2,0.8547733212560771,1737.2377932414756,1.0
463,0.17,0.62,0.21,0.8686038237697161,1736.515855203476,1.0
464,0.17,0.61,0.22,0.8828727419197295,1735.7923685868855,1.0
465,0.17,0.6,0.23,0.8976012575563215,1735.0644382303274,1.0
466,0.17,0.59,0.24,0.9128119393866406,1734.3268788833366,1.0
467,0.17,0.58,0.25,0.9285288583671243,1733.5696554346428,1.0
468,0.17,0.57,0.26,0.9447777148121718,1732.7710323449135,1.0
469,0.17,0.56,0.27,0.9615859786309147,1731.874877317103,1.0
470,0.17,0.55,0.28,0.9789830443016779,1730.6828807356922,1.0
471,0.17,0.54,0.29,0.9970004024232867,1727.747334469263,1.0
472,0.17,0.53,0.3,1.0156718299494347,1708.867460879713,1.0
473,0.17,0.52,0.31,1.0350336015238188,1680.3832131740444,1.0
474,0.17,0.51,0.32,1.0551247246980542,1651.4396937349798,1.0
475,0.17,0.5,0.33,1.0759872022416053,1622.4467782400493,1.0
476,0.17,0.49,0.34,1.097666325255474,1593.462614067154,1.0
477,0.17,0.48,0.35,1.1202110013941506,1564.50562491177,1.0
478,0.17,0.47,0.36,1.1436741232017906,1535.584824106013,1.0
479,0.17,0.46,0.37,1.168112982401268,1506.70617652047,1.0
480,0.17,0.45,0.38,1.193589736966634,1477.874567121633,1.0
481,0.17,0.44,0.39,1.220171938995005,1449.094565010308,1.0
482,0.17,0.43,0.4,1.2479331328160463,1420.3707863237792,1.0
483,0.17,0.42,0.41,1.2769535344896075,1391.7080856987268,1.0
484,0.17,0.41,0.42,1.3073208059121357,1363.1116702900686,1.0
485,0.17,0.4,0.43,1.3391309392650974,1334.5871766739856,1.0
486,0.17,0.39,0.44,1.3724892706016216,1306.14072099884,1.0
487,0.17,0.38,0.45,1.407511645118057,1277.7789393434732,1.0
488,0.17,0.37,0.46,1.444325761271106,1249.509012289896,0.0
489,0.17,0.36,0.47,1.4830727266052517,1221.338682902231,0.0
490,0.17,0.3,0.53,1.7662623700225957,1054.912228989069,0.0
491,0.17,0.2,0.63,2.5800586681488755,813.3674030896334,0.0
492,0.17,0.1,0.73,4.739739429508366,711.206471934928,0.0
493,0.17,0.0,0.83,27.535535670414962,563.0612329965695,0.0
494,0.18,0.82,0.0,0.6927995758218451,1821.6658108255617,1.0
495,0.18,0.81,0.01,0.7015209499477113,1820.8049487868454,1.0
496,0.18,0.8,0.02,0.7104548645485409,1819.9471377993525,1.0
497,0.18,0.79,0.03,0.7196091849015408,1819.092313237709,1.0
498,0.18,0.78,0.04,0.7289921692143289,1818.240396580702,1.0
499,0.18,0.77,0.05,0.738612493472595,1817.3912913587678,1.0
500,0.18,0.76,0.06,0.7484792781974569,1816.544877762203,1.0
501,0.18,0.75,0.07,0.7586021172859688,1815.7010054273471,1.0
502,0.18,0.74,0.08,0.7689911091264806,1814.859483635022,1.0
503,0.18,0.73,0.09,0.7796568902009742,1814.0200678425845,1.0
504,0.18,0.72,0.1,0.7906106714094168,1813.1824408612817,1.0
505,0.18,0.71,0.11,0.8018642773769015,1812.3461861028554,1.0
506,0.18,0.7,0.12,0.8134301890333008,1811.5107487984224,1.0
507,0.18,0.69,0.13,0.8253215897877605,1810.675378512488,1.0
508,0.18,0.68,0.14,0.8375524156571722,1809.8390417159412,1.0
509,0.18,0.67,0.15,0.8501374097493624,1809.0002848090244,1.0
510,0.18,0.66,0.16,0.8630921815488221,1808.1570118934474,1.0
511,0.18,0.65,0.17,0.8764332715062376,1807.3061089790856,1.0
512,0.18,0.64,0.18,0.8901782214937567,1806.4427758975298,1.0
513,0.18,0.63,0.19,0.9043456517570377,1805.5592630829383,1.0
514,0.18,0.62,0.2,0.9189553450739067,1804.6422898602807,1.0
515,0.18,0.61,0.21,0.9340283389194954,1803.6672049422493,1.0
516,0.18,0.6,0.22,0.9495870265408323,1802.5828229952876,1.0
517,0.18,0.59,0.23,0.9656552679621452,1801.2633440303412,1.0
518,0.18,0.58,0.24,0.982258512078145,1799.2993208190328,1.0
519,0.18,0.57,0.25,0.999423931149305,1794.4734733707671,1.0
520,0.18,0.56,0.26,1.0171805691941835,1776.2303589927108,1.0
521,0.18,0.55,0.27,1.0355595059834046,1748.6365045352077,1.0
522,0.18,0.54,0.28,1.054594038583143,1719.934532471503,1.0
523,0.18,0.53,0.29,1.0743198826789466,1691.0476827388768,1.0
524,0.18,0.52,0.3,1.0947753962407774,1662.1229141576675,1.0
525,0.18,0.51,0.31,1.1160018284762312,1633.2032670957335,1.0
526,0.18,0.5,0.32,1.1380435974716774,1604.3067886606552,1.0
527,0.18,0.49,0.33,1.160948600453638,1575.4432298729814,1.0
528,0.18,0.48,0.34,1.184768561231048,1546.619037813204,1.0
529,0.18,0.47,0.35,1.2095594201226019,1517.839248363863,1.0
530,0.18,0.46,0.36,1.23538177255618,1489.1083145369,1.0
531,0.18,0.45,0.37,1.2623013635789295,1460.4305414769954,1.0
532,0.18,0.44,0.38,1.2903896467736033,1431.810323066813,1.0
533,0.18,0.43,0.39,1.3197244175848246,1403.252281438012,1.0
534,0.18,0.42,0.4,1.3503905328749661,1374.7613728319295,1.0
535,0.18,0.41,0.41,1.3824807307249158,1346.3429521316052,1.0
536,0.18,0.4,0.42,1.4160965671602317,1318.0028285744709,1.0
537,0.18,0.39,0.43,1.4513494897325605,1289.747302798244,1.0
538,0.18,0.38,0.44,1.4883620718654171,1261.5831938802703,0.0
539,0.18,0.37,0.45,1.5272694367693178,1233.5178675794846,0.0
540,0.18,0.3,0.52,1.8675647334631047,1040.5622849317804,0.0
541,0.18,0.2,0.62,2.7281958717224035,810.4925215127001,0.0
542,0.18,0.1,0.72,5.01514289638494,715.1645098497269,0.0
543,0.18,0.0,0.82,29.42074593418231,571.1108172925159,0.0
544,0.19,0.81,0.0,0.7403166935050991,1889.0944469238734,1.0
545,0.19,0.8,0.01,0.7497262269489862,1888.139255895302,1.0
546,0.19,0.79,0.02,0.7593679722207476,1887.1853467721667,1.0
547,0.19,0.78,0.03,0.7692506326216406,1886.2322806536558,1.0
548,0.19,0.77,0.04,0.7793833518885048,1885.279517247543,1.0
549,0.19,0.76,0.05,0.789775742411375,1884.3263840514373,1.0
550,0.19,0.75,0.06,0.8004379156486504,1883.3720339144604,1.0
551,0.19,0.74,0.07,0.8113805149421178,1882.4153855678176,1.0
552,0.19,0.73,0.08,0.8226147509556776,1881.455038635794,1.0
553,0.19,0.72,0.09,0.8341524399858304,1880.4891494434344,1.0
554,0.19,0.71,0.1,0.846006045419127,1879.515244868302,1.0
555,0.19,0.7,0.11,0.8581887226423618,1878.529935039878,1.0
556,0.19,0.69,0.12,0.870714367745713,1877.528454540049,1.0
557,0.19,0.68,0.13,0.8835976703978934,1876.5038996227179,1.0
558,0.19,0.67,0.14,0.8968541713163036,1875.4458977913669,1.0
559,0.19,0.66,0.15,0.9105003248048937,1874.3381463876774,1.0
560,0.19,0.65,0.16,0.9245535668888719,1873.1535153677921,1.0
561,0.19,0.64,0.17,0.9390323896394744,1871.8433513830794,1.0
562,0.19,0.63,0.18,0.9539564223549777,1870.3110680034388,1.0
563,0.19,0.62,0.19,0.969346520347366,1868.3350305007964,1.0
564,0.19,0.61,0.2,0.9852248621791455,1865.2846520970472,1.0
565,0.19,0.6,0.21,1.001615056303698,1858.7898317845563,1.0
566,0.19,0.59,0.22,1.0185422581875252,1842.0297108449492,1.0
567,0.19,0.58,0.23,1.0360332991363828,1816.1241513016785,1.0
568,0.19,0.57,0.24,1.05411682821292,1787.9638248801868,1.0
569,0.19,0.56,0.25,1.0728234688246523,1759.301965053532,1.0
570,0.19,0.55,0.26,1.092185991782554,1730.4932410915246,1.0
571,0.19,0.54,0.27,1.1122395068875206,1701.6414854488967,1.0
572,0.19,0.53,0.28,1.1330216754009748,1672.7873853080973,1.0
573,0.19,0.52,0.29,1.1545729461046712,1643.9506104677446,1.0
574,0.19,0.51,0.3,1.1769368180627577,1615.1423728717032,1.0
575,0.19,0.5,0.31,1.2001601336776773,1586.3700431368036,1.0
576,0.19,0.49,0.32,1.2242934061944084,1557.6391256730315,1.0
577,0.19,0.48,0.33,1.2493911864717062,1528.9542198397712,1.0
578,0.19,0.47,0.34,1.2755124746250321,1500.3195280549662,1.0
579,0.19,0.46,0.35,1.3027211830791392,1471.739162553868,1.0
580,0.19,0.45,0.36,1.3310866586801464,1443.2173199247093,1.0
581,0.19,0.44,0.37,1.360684272846059,1414.7584225627672,1.0
582,0.19,0.43,0.38,1.3915960903294902,1386.3671881401256,1.0
583,0.19,0.42,0.39,1.4239116290869387,1358.048713003774,1.0
584,0.19,0.41,0.4,1.4577287260712257,1329.8085170425757,1.0
585,0.19,0.4,0.41,1.4931545265830277,1301.652585278742,1.0
586,0.19,0.39,0.42,1.5303066182550382,1273.5874027169107,0.0
587,0.19,0.38,0.43,1.5693143349524816,1245.6199782412334,0.0
588,0.19,0.3,0.51,1.969026550518445,1026.4258882379725,0.0
589,0.19,0.2,0.61,2.876672031371219,808.4866074459253,0.0
590,0.19,0.1,0.71,5.291699790150884,718.9923430333782,0.0
591,0.19,0.0,0.81,31.35250459952414,578.9241189178173,0.0
592,0.2,0.8,0.0,0.7890217391304346,1953.870319117188,1.0
593,0.2,0.79,0.01,0.7991515108420474,1952.780731661096,1.0
594,0.2,0.78,0.02,0.8095344716089985,1951.6842792902655,1.0
595,0.2,0.77,0.03,0.8201802340818337,1950.5787718078193,1.0
596,0.2,0.76,0.04,0.8310989037572573,1949.4614140227477,1.0
597,0.2,0.75,0.05,0.8423011109738767,1948.3285815842846,1.0
598,0.2,0.74,0.06,0.8537980454333483,1947.1754901800357,1.0
599,0.2,0.73,0.07,0.8656014934825697,1945.9956925281233,1.0
600,0.2,0.72,0.08,0.877723878418044,1944.7802896952442,1.0
601,0.2,0.71,0.09,0.8901783041021333,1943.516647068718,1.0
602,0.2,0.7,0.1,0.9029786022131269,1942.1862100372011,1.0
603,0.2,0.69,0.11,0.9161393834872853,1940.760589096435,1.0
604,0.2,0.68,0.12,0.929676093351966,1939.1940689847074,1.0
605,0.2,0.67,0.13,0.9436050723951943,1937.408139079452,1.0
606,0.2,0.66,0.14,0.9579436221694055,1935.25619952914,1.0
607,0.2,0.65,0.15,0.9727100768865342,1932.4327833884397,1.0
608,0.2,0.64,0.16,0.987923881629111,1928.206910207997,1.0
609,0.2,0.63,0.17,1.003605677778907,1920.6135644349808,1.0
610,0.2,0.62,0.18,1.0197773964523345,1905.570141756865,1.0
611,0.2,0.61,0.19,1.0364623608319845,1882.2498644227635,1.0
612,0.2,0.6,0.2,1.0536853983984393,1855.226942814203,1.0
613,0.2,0.59,0.21,1.071472964198114,1827.0551843753906,1.0
614,0.2,0.58,0.22,1.0898532764343027,1798.4912130276475,1.0
615,0.2,0.57,0.23,1.108856465843062,1769.7767449394485,1.0
616,0.2,0.56,0.24,1.1285147405171285,1741.0055825807713,1.0
617,0.2,0.55,0.25,1.1488625680744093,1712.2208473951623,1.0
618,0.2,0.54,0.26,1.169936877338442,1683.4452768286915,1.0
619,0.2,0.53,0.27,1.1917772820133825,1654.6923171651615,1.0
620,0.2,0.52,0.28,1.2144263292037385,1625.9707795856839,1.0
621,0.2,0.51,0.29,1.237929776059148,1597.2870258033363,1.0
622,0.2,0.5,0.3,1.2623368983290062,1568.646101076966,1.0
623,0.2,0.49,0.31,1.2877008352052077,1540.052349957147,1.0
624,0.2,0.48,0.32,1.3140789755315858,1511.5098042597008,1.0
625,0.2,0.47,0.33,1.341533391287464,1483.0224161959975,1.0
626,0.2,0.46,0.34,1.3701313252369518,1454.5942184431524,1.0
627,0.2,0.45,0.35,1.3999457408082383,1426.2294414548626,1.0
628,0.2,0.44,0.36,1.431055943669066,1397.9325899706466,1.0
629,0.2,0.43,0.37,1.4635482861468043,1369.7085187359673,1.0
630,0.2,0.42,0.38,1.497516967667715,1341.5624768098764,1.0
631,0.2,0.41,0.39,1.5330649468401083,1313.5001548155985,1.0
632,0.2,0.4,0.4,1.5703049837809635,1285.5277259402283,1.0
633,0.2,0.39,0.41,1.6093608349132504,1257.6518599489268,0.0
634,0.2,0.38,0.42,1.6503686269046791,1229.8797591086059,0.0
635,0.2,0.3,0.5,2.0706481979638554,1012.4968529172374,0.0
636,0.2,0.2,0.6,3.025488311787357,807.0999144540957,0.0
637,0.2,0.1,0.7,5.569417372073007,722.6964516230498,0.0
638,0.2,0.0,0.8,33.33255723149952,586.5017565562448,0.0
639,0.21,0.79,0.0,0.8389598238855255,2014.941161427428,1.0
640,0.21,0.78,0.01,0.8498437101759422,2013.5939091454306,1.0
641,0.21,0.77,0.02,0.861003164976751,2012.2086413464049,1.0
642,0.21,0.76,0.03,0.8724487881320169,2010.7749434677232,1.0
643,0.21,0.75,0.04,0.884191730182589,2009.2787140531457,1.0
644,0.21,0.74,0.05,0.8962437285998519,2007.7003738637532,1.0
645,0.21,0.73,0.06,0.9086171469184814,2006.0119183825138,1.0
646,0.21,0.72,0.07,0.9213250170424581,2004.171866332993,1.0
647,0.21,0.71,0.08,0.934381085028654,2002.116116425165,1.0
648,0.21,0.7,0.09,0.9477998606861352,1999.7404108704816,1.0
649,0.21,0.69,0.1,0.9615966713674088,1996.8642869554749,1.0
650,0.21,0.68,0.11,0.9757877203708616,1993.1515850327255,1.0
651,0.21,0.67,0.12,0.9903901504222433,1987.9265100329121,1.0
652,0.21,0.66,0.13,1.0054221127580967,1979.7864519033583,1.0
653,0.21,0.65,0.14,1.0209028423964799,1966.3358306808796,1.0
654,0.21,0.64,0.15,1.0368527402512868,1946.119372969515,1.0
655,0.21,0.63,0.16,1.053293462827259,1921.1295629285414,1.0
656,0.21,0.62,0.17,1.0702480203249207,1893.9687875502427,1.0
657,0.21,0.61,0.18,1.0877408840899967,1865.9216332349843,1.0
658,0.21,0.6,0.19,1.1057981044624634,1837.4934558400257,1.0
659,0.21,0.59,0.2,1.1244474402187807,1808.8922508911726,1.0
660,0.21,0.58,0.21,1.143718500960029,1780.2133012793402,1.0
661,0.21,0.57,0.22,1.1636429039820975,1751.5051730469472,1.0
662,0.21,0.56,0.23,1.1842544473759948,1722.7950790603961,1.0
663,0.21,0.55,0.24,1.2055893013517343,1694.0995814587172,1.0
664,0.21,0.54,0.25,1.227686220064041,1665.4295601700185,1.0
665,0.21,0.53,0.26,1.2505867765495853,1636.7927066501566,1.0
666,0.21,0.52,0.27,1.274335623772108,1608.194864780035,1.0
667,0.21,0.51,0.28,1.2989807852241508,1579.6408153865507,1.0
668,0.21,0.5,0.29,1.3245739790647684,1551.1347469808823,1.0
669,0.21,0.49,0.3,1.3511709803968917,1522.680562985286,1.0
670,0.21,0.48,0.31,1.3788320270247236,1494.2820846598288,1.0
671,0.21,0.47,0.32,1.4076222749036016,1465.9431974593967,1.0
672,0.21,0.46,0.33,1.4376123105302898,1437.6679578843923,1.0
673,0.21,0.45,0.34,1.4688787287556113,1409.4606789468833,1.0
674,0.21,0.44,0.35,1.5015047859766733,1381.3259849138244,1.0
675,0.21,0.43,0.36,1.5355811404364155,1353.2688772071228,1.0
676,0.21,0.42,0.37,1.5712066934909132,1325.2947734994277,1.0
677,0.21,0.41,0.38,1.6084895482840234,1297.4095452480728,1.0
678,0.21,0.4,0.39,1.64754810540087,1269.619552934363,0.0
679,0.21,0.39,0.4,1.6885123188912363,1241.9316643820384,0.0
680,0.21,0.3,0.49,2.1724300537625565,998.7737052392566,0.0
681,0.21,0.2,0.59,3.1746458830049917,806.161582001551,0.0
682,0.21,0.1,0.69,5.848302964496257,726.2829635870613,0.0
683,0.21,0.0,0.79,35.36273777820846,593.8455772892175,0.0
684,0.22,0.78,0.0,0.8901783723522854,2070.459635057594,1.0
685,0.22,0.77,0.01,0.9018521695292653,2068.5023698518444,1.0
686,0.22,0.76,0.02,0.9138254214660736,2066.3895199398758,1.0
687,0.22,0.75,0.03,0.926109800231012,2064.0695230579195,1.0
688,0.22,0.74,0.04,0.938717592478488,2061.466355188241,1.0
689,0.22,0.73,0.05,0.9516617404394483,2058.4635968884636,1.0
690,0.22,0.72,0.06,0.9649558862368451,2054.875195267765,1.0
691,0.22,0.71,0.07,0.9786144198451124,2050.3900991195997,1.0
692,0.22,0.7,0.08,0.9926525310480976,2044.4683136649473,1.0
693,0.22,0.69,0.09,1.0070862657898487,2036.1732438282286,1.0
694,0.22,0.68,0.1,1.0219325873577387,2024.0768183749535,1.0
695,0.22,0.67,0.11,1.0372094428884153,2006.8600700036777,1.0
696,0.22,0.66,0.12,1.0529358357447598,1984.7446462875607,1.0
697,0.22,0.65,0.13,1.0691319043775693,1959.4074167859014,1.0
698,0.22,0.64,0.14,1.0858190083600545,1932.387818694394,1.0
699,0.22,0.63,0.15,1.1030198223680234,1904.544255916093,1.0
700,0.22,0.62,0.16,1.1207584389752505,1876.290508698513,1.0
701,0.22,0.61,0.17,1.1390604812440048,1847.8271759560516,1.0
702,0.22,0.6,0.18,1.157953226217237,1819.2571916042964,1.0
703,0.22,0.59,0.19,1.1774657405641111,1790.6371040291942,1.0
704,0.22,0.58,0.2,1.19762902979755,1762.0001138784248,1.0
705,0.22,0.57,0.21,1.2184762026749345,1733.3669562577722,1.0
706,0.22,0.56,0.22,1.240042652615446,1704.751340882111,1.0
707,0.22,0.55,0.23,1.2623662582250323,1676.162854341003,1.0
708,0.22,0.54,0.24,1.2854876053188473,1647.6085863227922,1.0
709,0.22,0.53,0.25,1.3094502331788611,1619.0940935017709,1.0
710,0.22,0.52,0.26,1.3343009081901414,1590.6240017377456,1.0
711,0.22,0.51,0.27,1.3600899284741246,1562.2023945703238,1.0
712,0.22,0.5,0.28,1.3868714636941857,1533.8330783011195,1.0
713,0.22,0.49,0.29,1.414703934864202,1505.5197656920836,1.0
714,0.22,0.48,0.3,1.4436504397642385,1477.2662132288804,1.0
715,0.22,0.47,0.31,1.4737792304830268,1449.076322607273,1.0
716,0.22,0.46,0.32,1.5051642506943073,1420.9542244193922,1.0
717,0.22,0.45,0.33,1.5378857415698048,1392.9043377544317,1.0
718,0.22,0.44,0.34,1.5720309267810402,1364.9314311575035,1.0
719,0.22,0.43,0.35,1.6076947889017081,1337.0406661829345,1.0
720,0.22,0.42,0.36,1.6449809517625336,1309.2376373266736,1.0
721,0.22,0.41,0.37,1.6840026860199147,1281.5284062671337,1.0
722,0.22,0.4,0.38,1.7248840584901348,1253.9195285986282,0.0
723,0.22,0.39,0.39,1.767761249814244,1226.4180760719996,0.0
724,0.22,0.3,0.48,2.2743724970704458,985.2638638838389,0.0
725,0.22,0.2,0.58,3.3241459204311026,806.4400766742957,0.0
726,0.22,0.1,0.68,6.128363951487267,729.7576673500735,0.0
727,0.22,0.0,0.78,37.44497423637147,600.958545845518,0.0
728,0.23,0.77,0.0,0.942727272727273,2117.0836620016917,1.0
729,0.23,0.76,0.01,0.9552288297234045,2113.5030632029693,1.0
730,0.23,0.75,0.02,0.9680553481107113,2109.3120104370814,1.0
731,0.23,0.74,0.03,0.9812196651433575,2104.2529885277804,1.0
732,0.23,0.73,0.04,0.9947353032607777,2097.925794992621,1.0
733,0.23,0.72,0.05,1.0086165164204202,2089.713840200166,1.0
734,0.23,0.71,0.06,1.0228783402416959,2078.738645646809,1.0
735,0.23,0.7,0.07,1.0375366463319777,2064.0237569548435,1.0
736,0.23,0.69,0.08,1.0526082012072877,2045.0747482112201,1.0
737,0.23,0.68,0.09,1.0681107302675377,2022.410395956741,1.0
738,0.23,0.67,0.1,1.0840629873395273,1997.1893654139453,1.0
739,0.23,0.66,0.11,1.1004848303613477,1970.459141105524,1.0
740,0.23,0.65,0.12,1.117397303850382,1942.8893126692244,1.0
741,0.23,0.64,0.13,1.1348227288750183,1914.855056653998,1.0
742,0.23,0.63,0.14,1.1527848013388833,1886.5615196967713,1.0
743,0.23,0.62,0.15,1.171308699487612,1858.1235084286077,1.0
744,0.23,0.61,0.16,1.1904212016638251,1829.6079741279132,1.0
745,0.23,0.6,0.17,1.2101508154684533,1801.0558071367832,1.0
746,0.23,0.59,0.18,1.230527919638592,1772.4931504787091,1.0
747,0.23,0.58,0.19,1.251584920126915,1743.9374706152246,1.0
748,0.23,0.57,0.2,1.2733564220692422,1715.400945905501,1.0
749,0.23,0.56,0.21,1.2958794195597292,1686.8924425435332,1.0
750,0.23,0.55,0.22,1.319193505422807,1658.4187114878862,1.0
751,0.23,0.54,0.23,1.3433411034840728,1629.9851510748929,1.0
752,0.23,0.53,0.24,1.3683677262066622,1601.596295780581,1.0
753,0.23,0.52,0.25,1.3943222609847734,1573.2561630726034,1.0
754,0.23,0.51,0.26,1.4212572888834125,1544.9684855738537,1.0
755,0.23,0.5,0.27,1.449229440197004,1516.7368903164431,1.0
756,0.23,0.49,0.28,1.478299791886225,1488.5650208997863,1.0
757,0.23,0.48,0.29,1.5085343127628328,1460.456638317827,1.0
758,0.23,0.47,0.3,1.5400043632517522,1432.4157080199884,1.0
759,0.23,0.46,0.31,1.5727872576992563,1404.4464631067483,1.0
760,0.23,0.45,0.32,1.6069668985541794,1376.5534538410059,1.0
761,0.23,0.44,0.33,1.6426344933732024,1348.74160441233,1.0
762,0.23,0.43,0.34,1.6798893675506583,1321.016249588734,1.0
763,0.23,0.42,0.35,1.7188398880219113,1293.3831699518987,1.0
764,0.23,0.41,0.36,1.7596045160302762,1265.8486285710615,0.0
765,0.23,0.4,0.37,1.802313010497906,1238.419380972577,0.0
766,0.23,0.3,0.47,2.376475908240797,971.9893247629816,0.0
767,0.23,0.2,0.57,3.4739896048763472,808.1910170902291,0.0
768,0.23,0.1,0.67,6.409607779486062,733.1260247677429,0.0
769,0.23,0.0,0.77,39.581294758382874,607.8445902064215,0.0
770,0.24,0.76,0.0,0.9966590389016017,2148.431225447323,1.0
771,0.24,0.75,0.01,1.0100284008486495,2140.432244369355,1.0
772,0.24,0.74,0.02,1.0237499747058632,2130.384392539939,1.0
773,0.24,0.73,0.03,1.0378378646371142,2117.6145451800003,1.0
774,0.24,0.72,0.04,1.052306938053909,2101.5280053151,1.0
775,0.24,0.71,0.05,1.067172877952432,2081.9525924866325,1.0
776,0.24,0.7,0.06,1.0824522396170702,2059.3275243146386,1.0
777,0.24,0.69,0.07,1.098162512121415,2034.4609837219807,1.0
778,0.24,0.68,0.08,1.114322185107072,2008.1337163249482,1.0
779,0.24,0.67,0.09,1.1309508213763557,1980.91086286256,1.0
780,0.24,0.66,0.1,1.1480691358980823,1953.1500331769282,1.0
781,0.24,0.65,0.11,1.1656990818973336,1925.0669111940335,1.0
782,0.24,0.64,0.12,1.1838639447814652,1896.7913086126277,1.0
783,0.24,0.63,0.13,1.2025884447473487,1868.40294540717,1.0
784,0.24,0.62,0.14,1.2218988490206,1839.952268872588,1.0
785,0.24,0.61,0.15,1.241823094798428,1811.472278204996,1.0
786,0.24,0.6,0.16,1.2623909241062077,1782.98529813779,1.0
787,0.24,0.59,0.17,1.2836340319368025,1754.5069415328587,1.0
788,0.24,0.58,0.18,1.3055862292244402,1726.0485009430963,1.0
789,0.24,0.57,0.19,1.3282836224156696,1697.618426509799,1.0
790,0.24,0.56,0.2,1.3517648116433816,1669.2232857711342,1.0
791,0.24,0.55,0.21,1.3760711097918257,1640.868394644783,1.0
792,0.24,0.54,0.22,1.401246785067894,1612.5582468752646,1.0
793,0.24,0.53,0.23,1.427339330074926,1584.2968219938193,1.0
794,0.24,0.52,0.24,1.4543997608298547,1556.0878037817747,1.0
795,0.24,0.51,0.25,1.4824829496847183,1527.9347458391385,1.0
796,0.24,0.5,0.26,1.5116479967239167,1499.841195470693,1.0
797,0.24,0.49,0.27,1.5419586449268434,1471.8107947478459,1.0
798,0.24,0.48,0.28,1.5734837452332955,1443.8473592185953,1.0
799,0.24,0.47,0.29,1.6062977786527812,1415.9549461203317,1.0
800,0.24,0.46,0.3,1.6404814437511053,1388.1379127307048,1.0
801,0.24,0.45,0.31,1.6761223192686017,1360.4009577712766,1.0
802,0.24,0.44,0.32,1.7133156133238374,1332.7491744693918,1.0
803,0.24,0.43,0.33,1.7521650126966815,1305.1880817778206,1.0
804,0.24,0.42,0.34,1.7927836481426709,1277.7236577321185,1.0
805,0.24,0.41,0.35,1.8352951946642304,1250.3623658522517,0.0
806,0.24,0.4,0.36,1.879835129276298,1223.1111774518633,0.0
807,0.24,0.3,0.46,2.478740668828994,958.9987398209469,0.0
808,0.24,0.2,0.56,3.6241781225861502,809.9059359106337,0.0
809,0.24,0.1,0.66,6.6920419579660315,736.3931893727082,0.0
810,0.24,0.0,0.76,41.77383424149984,614.508452096256,0.0
811,0.25,0.75,0.0,1.0520289855072464,2154.0838125500177,1.0
812,0.25,0.74,0.01,1.0663085493147748,2137.4216730261815,1.0
813,0.25,0.73,0.02,1.0809694538625065,2117.7975208134303,1.0
814,0.25,0.72,0.03,1.0960271816396225,2095.5218176715653,1.0
815,0.25,0.71,0.04,1.1114980647552652,2071.169005633011,1.0
816,0.25,0.7,0.05,1.1273993440290868,2045.3476382274705,1.0
817,0.25,0.69,0.06,1.1437492330830128,2018.551457677154,1.0
818,0.25,0.68,0.07,1.1605669879351244,1991.1279398606675,1.0
819,0.25,0.67,0.08,1.1778729826547305,1963.3056358714434,1.0
820,0.25,0.66,0.09,1.195688791703564,1935.2314636464307,1.0
821,0.25,0.65,0.1,1.214037279662793,1907.0000958617907,1.0
822,0.25,0.64,0.11,1.2329426991304877,1878.67350879302,1.0
823,0.25,0.63,0.12,1.2524307976708944,1850.2931939470557,1.0
824,0.25,0.62,0.13,1.2725289348072646,1821.8876237815748,1.0
825,0.25,0.61,0.14,1.2932662101760957,1793.4768524648623,1.0
826,0.25,0.6,0.15,1.3146736041051665,1765.0753748481986,1.0
827,0.25,0.59,0.16,1.3367841320435951,1736.6939551878634,1.0
828,0.25,0.58,0.17,1.3596330144629099,1708.3408147776267,1.0
829,0.25,0.57,0.18,1.3832578640680666,1680.0224365155336,1.0
830,0.25,0.56,0.19,1.4076988924114722,1651.7441094187946,1.0
831,0.25,0.55,0.2,1.4329991382973786,1623.510325032332,1.0
832,0.25,0.54,0.21,1.4592047207057433,1595.3250472935451,1.0
833,0.25,0.53,0.22,1.4863651193623932,1567.1919310447338,1.0
834,0.25,0.52,0.23,1.5145334865464959,1539.1144759237482,1.0
835,0.25,0.51,0.24,1.5437669942694852,1511.0961499621208,1.0
836,0.25,0.5,0.25,1.5741272215969715,1483.1404889493317,1.0
837,0.25,0.49,0.26,1.605680587635197,1455.2511763004643,1.0
838,0.25,0.48,0.27,1.638498836589009,1427.432111423242,1.0
839,0.25,0.47,0.28,1.6726595823466681,1399.6874689785625,1.0
840,0.25,0.46,0.29,1.7082469212921616,1372.021744222276,1.0
841,0.25,0.45,0.3,1.7453521235301364,1344.439802807894,1.0
842,0.25,0.44,0.31,1.7840744144840328,1316.9469180921203,1.0
843,0.25,0.43,0.32,1.8245218609594978,1289.5488013492838,1.0
844,0.25,0.42,0.33,1.8668123783336925,1262.2516370111566,0.0
845,0.25,0.41,0.34,1.9110748786386063,1235.0620975455424,0.0
846,0.25,0.3,0.45,2.581167161597286,946.3858151946755,0.0
847,0.25,0.2,0.55,3.774712665272011,811.5862179860092,0.0
848,0.25,0.1,0.65,6.975674060102333,739.5640171489346,0.0
849,0.25,0.0,0.75,44.0248414441666,620.9555428494084,0.0
850,0.26,0.74,0.0,1.108895417156287,2130.960963603731,1.0
851,0.26,0.73,0.01,1.1241301002704727,2107.243795879292,1.0
852,0.26,0.72,0.02,1.1397772777215247,2082.026413881604,1.0
853,0.26,0.71,0.03,1.15585393247213,2055.742911032558,1.0
854,0.26,0.7,0.04,1.1723779927402334,2028.7304980882207,1.0
855,0.26,0.69,0.05,1.1893683986920438,2001.229820169325,1.0
856,0.26,0.68,0.06,1.2068451748625382,1973.4056887767465,1.0
857,0.26,0.67,0.07,1.2248295088856391,1945.3694496996516,1.0
858,0.26,0.66,0.08,1.2433438371848757,1917.1965422617245,1.0
859,0.26,0.65,0.09,1.2624119383531973,1888.9387024327905,1.0
860,0.26,0.64,0.1,1.2820590350391086,1860.6320201480614,1.0
861,0.26,0.63,0.11,1.302311905257094,1832.3021607660296,1.0
862,0.26,0.62,0.12,1.3231990041552586,1803.9677513262257,1.0
863,0.26,0.61,0.13,1.3447505974045821,1775.6425969414322,1.0
864,0.26,0.6,0.14,1.3669989075247413,1747.3371560392804,1.0
865,0.26,0.59,0.15,1.3899782746342868,1719.0595442156068,1.0
866,0.26,0.58,0.16,1.4137253333117796,1690.8162295179338,1.0
867,0.26,0.57,0.17,1.4382792074837059,1662.6125187399914,1.0
868,0.26,0.56,0.18,1.4636817255198429,1634.4529262383473,1.0
869,0.26,0.55,0.19,1.4899776580235435,1606.341427826309,1.0
870,0.26,0.54,0.2,1.5172149811605897,1578.2816668103817,1.0
871,0.26,0.53,0.21,1.5454451687849176,1550.2771058365315,1.0
872,0.26,0.52,0.22,1.5747235171034124,1522.3311500804741,1.0
873,0.26,0.51,0.23,1.6051095061882732,1494.4472447756496,1.0
874,0.26,0.5,0.24,1.6366672033099925,1466.6289566950215,1.0
875,0.26,0.49,0.25,1.669465713846141,1438.8800433625672,1.0
876,0.26,0.48,0.26,1.7035796864444572,1411.2045119969634,1.0
877,0.26,0.47,0.27,1.7390898802120784,1383.606672156798,1.0
878,0.26,0.46,0.28,1.7760838030016888,1356.0911763748684,1.0
879,0.26,0.45,0.29,1.814656431413737,1328.663066611053,1.0
880,0.26,0.44,0.3,1.8549110249860563,1301.3278055285919,1.0
881,0.26,0.43,0.31,1.8969600492659888,1274.0913076804102,0.0
882,0.26,0.42,0.32,1.940926225140067,1246.9599652467296,0.0
883,0.26,0.3,0.44,2.6837557705195607,934.311284970781,0.0
884,0.26,0.2,0.54,3.9255944301430143,813.2331714691799,0.0
885,0.26,0.1,0.64,7.260511723448753,742.6430857015933,0.0
886,0.26,0.0,0.74,46.33668667933785,627.1917998407188,0.0
887,0.27,0.73,0.0,1.1673198332340677,2092.407872907235,1.0
888,0.27,0.72,0.01,1.1835572568853066,2065.8889643845832,1.0
889,0.27,0.71,0.02,1.200240512969031,2038.7810120392614,1.0
890,0.27,0.7,0.03,1.2173882189692935,2011.2657388901603,1.0
891,0.27,0.69,0.04,1.2350200435977392,1983.4720338167308,1.0
892,0.27,0.68,0.05,1.2531567820523126,1955.4904348395642,1.0
893,0.27,0.67,0.06,1.271820437835327,1927.3846743027318,1.0
894,0.27,0.66,0.07,1.2910343118076995,1899.2000390113153,1.0
895,0.27,0.65,0.08,1.3108230992371708,1870.9691348100662,1.0
896,0.27,0.64,0.09,1.331212995690411,1842.7157942256965,1.0
897,0.27,0.63,0.1,1.3522318127237574,1814.4577273979655,1.0
898,0.27,0.62,0.11,1.3739091044469818,1786.2083205268245,1.0
899,0.27,0.61,0.12,1.3962763061712722,1757.977877598277,1.0
900,0.27,0.6,0.13,1.4193668865092615,1729.7744941489657,1.0
901,0.27,0.59,0.14,1.4432165144748432,1701.604672928176,1.0
902,0.27,0.58,0.15,1.4678632433373804,1673.47377981207,1.0
903,0.27,0.57,0.16,1.493347713223502,1645.3863752575762,1.0
904,0.27,0.56,0.17,1.5197133747353482,1617.3464707252822,1.0
905,0.27,0.55,0.18,1.5470067361734496,1589.3577131068403,1.0
906,0.27,0.54,0.19,1.575277637323234,1561.4235464657027,1.0
907,0.27,0.53,0.2,1.604579553195782,1533.547328497548,1.0
908,0.27,0.52,0.21,1.6349699316172706,1505.7324295981966,1.0
909,0.27,0.51,0.22,1.6665105691511402,1477.9823158691254,1.0
910,0.27,0.5,0.23,1.6992680305289949,1450.3006182205802,1.0
911,0.27,0.49,0.24,1.733314117580707,1422.6911930898939,1.0
912,0.27,0.48,0.25,1.76872639461573,1395.1581751727301,1.0
913,0.27,0.47,0.26,1.805588778346351,1367.7060244045333,1.0
914,0.27,0.46,0.27,1.8439922017965389,1340.3395634058168,1.0
915,0.27,0.45,0.28,1.8840353632529396,1313.0640217686198,1.0
916,0.27,0.44,0.29,1.9258255732441305,1285.8850593381771,1.0
917,0.27,0.43,0.3,1.9694797148510619,1258.8087989347027,0.0
918,0.27,0.42,0.31,2.015125335444073,1231.8418503375024,0.0
919,0.27,0.3,0.43,2.786506880786138,923.0136235767852,0.0
920,0.27,0.2,0.53,4.076824619937578,814.8480367580291,0.0
921,0.27,0.1,0.63,7.546562650623303,745.6347094858899,0.0
922,0.27,0.0,0.73,48.71187014013026,633.2235589714721,0.0
923,0.28,0.72,0.0,1.2273671497584544,2048.7529905198357,1.0
924,0.28,0.71,0.01,1.2446578381561155,2021.259117140393,1.0
925,0.28,0.7,0.02,1.2624300559817103,1993.5154082502306,1.0
926,0.28,0.69,0.03,1.2807042024986846,1965.5991285777668,1.0
927,0.28,0.68,0.04,1.2995018457196967,1937.56634666296,1.0
928,0.28,0.67,0.05,1.318845807325399,1909.4580346277405,1.0
929,0.28,0.66,0.06,1.3387602550964164,1881.3044451229089,1.0
930,0.28,0.65,0.07,1.3592708036456413,1853.1281858701038,1.0
931,0.28,0.64,0.08,1.3804046243336614,1824.946377952487,1.0
932,0.28,0.63,0.09,1.4021905653590647,1796.7721729937693,1.0
933,0.28,0.62,0.1,1.4246592831397322,1768.6158280215514,1.0
934,0.28,0.61,0.11,1.44784338624334,1740.4854821593797,1.0
935,0.28,0.6,0.12,1.4717775932881463,1712.3877196819421,1.0
936,0.28,0.59,0.13,1.4964989064220693,1684.3279923116834,1.0
937,0.28,0.58,0.14,1.5220468022031222,1656.3109336856496,1.0
938,0.28,0.57,0.15,1.5484634419522374,1628.340605831473,1.0
939,0.28,0.56,0.16,1.5757939039360982,1600.420682052776,1.0
940,0.28,0.55,0.17,1.6040864400695405,1572.554602985886,1.0
941,0.28,0.54,0.18,1.6333927602125922,1544.7456937051682,1.0
942,0.28,0.53,0.19,1.6637683475860172,1516.9972678799616,1.0
943,0.28,0.52,0.2,1.695272809353033,1489.3127051215936,1.0
944,0.28,0.51,0.21,1.7279702670280201,1461.6955237968914,1.0
945,0.28,0.5,0.22,1.7619297920926063,1434.1494453380262,1.0
946,0.28,0.49,0.23,1.7972258930465643,1406.6784454851195,1.0
947,0.28,0.48,0.24,1.8339390611210378,1379.2868032337333,1.0
948,0.28,0.47,0.25,1.8721563830660657,1351.9791405844494,1.0
949,0.28,0.46,0.26,1.9119722308317724,1324.7604638265625,1.0
950,0.28,0.45,0.27,1.9534890396405615,1297.6361955240554,1.0
951,0.28,0.44,0.28,1.9968181879552078,1270.6121988198338,0.0
952,0.28,0.43,0.29,2.0420809952585186,1243.6948140289223,0.0
953,0.28,0.3,0.42,2.8894208788086018,912.7772665152723,0.0
954,0.28,0.2,0.52,4.228404442955404,816.4319850557392,0.0
955,0.28,0.1,0.62,7.833834610002516,748.5429526994358,0.0
956,0.28,0.0,0.72,51.15303091927799,639.0574369212143,0.0
957,0.29,0.71,0.0,1.2891059399877527,2003.5413758053755,1.0
958,0.29,0.7,0.01,1.3075035370896675,1975.6978340230148,1.0
959,0.29,0.69,0.02,1.3264209101429105,1947.7422673917215,1.0
960,0.29,0.68,0.03,1.3458804021322834,1919.7126403370228,1.0
961,0.29,0.67,0.04,1.3659056552329205,1891.6375695465206,1.0
962,0.29,0.66,0.05,1.3865217066342217,1863.5388366205448,1.0
963,0.29,0.65,0.06,1.4077550929719584,1835.4332015002192,1.0
964,0.29,0.64,0.07,1.4296339642844373,1807.333712268748,1.0
965,0.29,0.63,0.08,1.4521882085217084,1779.2506594284182,1.0
966,0.29,0.62,0.09,1.4754495877658516,1751.1922771809175,1.0
967,0.29,0.61,0.1,1.4994518874679115,1723.1652688084798,1.0
968,0.29,0.6,0.11,1.524231080176079,1695.1751978536306,1.0
969,0.29,0.59,0.12,1.5498255054237962,1667.2267941357488,1.0
970,0.29,0.58,0.13,1.5762760676696987,1639.3241884718211,1.0
971,0.29,0.57,0.14,1.6036264544387817,1611.4711014178567,1.0
972,0.29,0.56,0.15,1.6319233771117039,1583.6709833829789,1.0
973,0.29,0.55,0.16,1.661216837153838,1555.9271459974445,1.0
974,0.29,0.54,0.17,1.6915604209759865,1528.2428574014434,1.0
975,0.29,0.53,0.18,1.723011627084715,1500.6214268158221,1.0
976,0.29,0.52,0.19,1.7556322297243063,1473.0662779929544,1.0
977,0.29,0.51,0.2,1.789488683849107,1445.5810102400092,1.0
978,0.29,0.5,0.21,1.8246525770124848,1418.1694550016778,1.0
979,0.29,0.49,0.22,1.8612011346384851,1390.8357229906067,1.0
980,0.29,0.48,0.23,1.8992177861812232,1363.584253527742,1.0
981,0.29,0.47,0.24,1.9387928009076059,1336.4198401030528,1.0
982,0.29,0.46,0.25,1.98002400350129,1309.3476809991,1.0
983,0.29,0.45,0.26,2.023017581429397,1282.3733970351284,1.0
984,0.29,0.44,0.27,2.067888998099749,1255.5030658402209,0.0
985,0.29,0.43,0.28,2.114764028341921,1228.743245641683,0.0
986,0.29,0.3,0.41,2.992498152224632,903.8411953907618,0.0
987,0.29,0.2,0.51,4.380335113089666,817.9861297827853,0.0
988,0.29,0.1,0.61,8.122335436424692,751.3716458058351,0.0
989,0.29,0.0,0.71,53.662956790796066,644.7002344453,0.0
990,0.3,0.7,0.0,1.3526086956521735,1957.9124818747675,1.0
991,0.3,0.69,0.01,1.372170201327979,1929.9634586523136,1.0
992,0.3,0.68,0.02,1.3922924876101057,1901.9679308183656,1.0
993,0.3,0.67,0.03,1.4130000194905195,1873.9471293420304,1.0
994,0.3,0.66,0.04,1.4343187060632343,1845.917616761491,1.0
995,0.3,0.65,0.05,1.4562760086720117,1817.892434672817,1.0
996,0.3,0.64,0.06,1.4789010589247567,1789.8819704302277,1.0
997,0.3,0.63,0.07,1.5022247876410268,1761.8945973767234,1.0
998,0.3,0.62,0.08,1.5262800659328772,1733.9371672993839,1.0
999,0.3,0.61,0.09,1.5511018597722246,1706.015382024523,1.0
1000,0.3,0.6,0.1,1.5767273995731828,1678.1340887559143,1.0
1001,0.3,0.59,0.11,1.6031963665190707,1650.2975078591942,1.0
1002,0.3,0.58,0.12,1.6305510975952942,1622.5094192025165,1.0
1003,0.3,0.57,0.13,1.6588368115563177,1594.773304631504,1.0
1004,0.3,0.56,0.14,1.6881018583635148,1567.0924757837515,1.0
1005,0.3,0.55,0.15,1.7183979949882122,1539.4701723526223,1.0
1006,0.3,0.54,0.16,1.7497806908894382,1511.9096481617603,1.0
1007,0.3,0.53,0.17,1.7823094669593516,1484.4142448524963,1.0
1008,0.3,0.52,0.18,1.8160482722936926,1456.9874555193503,1.0
1009,0.3,0.51,0.19,1.8510659038052395,1429.632981245577,1.0
1010,0.3,0.5,0.2,1.8874364744737429,1402.354781160952,1.0
1011,0.3,0.49,0.21,1.9252399369388067,1375.157117249032,1.0
1012,0.3,0.48,0.22,1.9645626702202734,1348.0445928738284,1.0
1013,0.3,0.47,0.23,2.0054981386277313,1321.0221902464243,1.0
1014,0.3,0.46,0.24,2.048147633438462,1294.0953004796993,1.0
1015,0.3,0.45,0.25,2.092621109732921,1267.2697522778517,0.0
1016,0.3,0.44,0.26,2.139038132942507,1240.551839867939,0.0
1017,0.3,0.3,0.4,3.095739089902882,896.2992240006322,0.0
1018,0.3,0.2,0.5,4.532617849859412,819.5115230397093,0.0
1019,0.3,0.1,0.6,8.412073031902205,754.1243995232046,0.0
1020,0.3,0.0,0.7,56.244594830071804,650.1588380919029,0.0
1021,0.31,0.69,0.0,1.4179521109010715,1912.2948132893705,1.0
1022,0.31,0.68,0.01,1.4387381385257292,1884.352356549001,1.0
1023,0.31,0.67,0.02,1.4601289380864872,1856.3989733143417,1.0
1024,0.31,0.66,0.03,1.4821512930846015,1828.4477789741995,1.0
1025,0.31,0.65,0.04,1.5048335922643472,1800.509307267627,1.0
1026,0.31,0.64,0.05,1.5282059517032025,1772.5921080795833,1.0
1027,0.31,0.63,0.06,1.552300348217141,1744.7032091952203,1.0
1028,0.31,0.62,0.07,1.5771507653236856,1716.84847474385,1.0
1029,0.31,0.61,0.08,1.6027933531637877,1689.0328891988988,1.0
1030,0.31,0.6,0.09,1.6292666039651917,1661.2607812537922,1.0
1031,0.31,0.59,0.1,1.6566115448383443,1633.5360066655098,1.0
1032,0.31,0.58,0.11,1.6848719499357865,1605.8620983099158,1.0
1033,0.31,0.57,0.12,1.7140945742825617,1578.2423802557341,1.0
1034,0.31,0.56,0.13,1.7443294119048693,1550.6800802530431,1.0
1035,0.31,0.55,0.14,1.775629981254644,1523.1784115635082,1.0
1036,0.31,0.54,0.15,1.808053641357955,1495.7406471515806,1.0
1037,0.31,0.53,0.16,1.8416619426160992,1468.3701916316634,1.0
1038,0.31,0.52,0.17,1.8765210167731352,1441.0706258626944,1.0
1039,0.31,0.51,0.18,1.9127020112482804,1413.8457712157563,1.0
1040,0.31,0.5,0.19,1.9502815738353674,1386.699727201371,1.0
1041,0.31,0.49,0.2,1.9893423947178994,1359.63692148235,1.0
1042,0.31,0.48,0.21,2.0299738138658343,1332.662130015575,1.0
1043,0.31,0.47,0.22,2.072272503204146,1305.7805275912142,1.0
1044,0.31,0.46,0.23,2.116343234516761,1278.9977058358581,1.0
1045,0.31,0.45,0.24,2.1622997459259907,1252.3197059830936,0.0
1046,0.31,0.44,0.25,2.210265722033305,1225.753047376851,0.0
1047,0.31,0.3,0.39,3.1991440819478587,890.0780199382659,0.0
1048,0.31,0.2,0.49,4.685253878442187,821.0091678282071,0.0
1049,0.31,0.1,0.59,8.703055366342943,756.8046178312317,0.0
1050,0.31,0.0,0.69,58.90106295744253,655.4401521046367,0.0
1051,0.32,0.68,0.0,1.4852173913043476,1866.876556451613,1.0
1052,0.32,0.67,0.01,1.5072924490648834,1838.9991291542356,1.0
1053,0.32,0.66,0.02,1.5300195074586145,1811.1321655713734,1.0
1054,0.32,0.65,0.03,1.553427885330287,1783.2844249858097,1.0
1055,0.32,0.64,0.04,1.577548686135051,1755.463136922048,1.0
1056,0.32,0.63,0.05,1.6024149358210982,1727.6743510923259,1.0
1057,0.32,0.62,0.06,1.6280617336966454,1699.9232075253628,1.0
1058,0.32,0.61,0.07,1.654526417730545,1672.2141628808215,1.0
1059,0.32,0.6,0.08,1.6818487459236298,1644.5511670779356,1.0
1060,0.32,0.59,0.09,1.7100710956036629,1616.937815464844,1.0
1061,0.32,0.58,0.1,1.7392386827449566,1589.3774653818775,1.0
1062,0.32,0.57,0.11,1.7693998036999934,1561.873346484016,1.0
1063,0.32,0.56,0.12,1.8006061020613349,1534.428645900766,1.0
1064,0.32,0.55,0.13,1.832912863755492,1507.0465848655197,1.0
1065,0.32,0.54,0.14,1.8663793439158243,1479.7304860800978,1.0
1066,0.32,0.53,0.15,1.9010691296001512,1452.4838313153514,1.0
1067,0.32,0.52,0.16,1.9370505430242704,1425.3103149929382,1.0
1068,0.32,0.51,0.17,1.974397090691506,1398.2138905921822,1.0
1069,0.32,0.5,0.18,2.0131879646306454,1371.198812564941,1.0
1070,0.32,0.49,0.19,2.0535086029346328,1344.2696738585116,1.0
1071,0.32,0.48,0.2,2.0954513179497267,1317.4314400215144,1.0
1072,0.32,0.47,0.21,2.1391160018360686,1290.6894788063385,1.0
1073,0.32,0.46,0.22,2.184610920850398,1264.0495894076153,0.0
1074,0.32,0.45,0.23,2.2320536116455494,1237.5180313940734,0.0
1075,0.32,0.3,0.38,3.302713519704847,884.9987423232832,0.0
1076,0.32,0.2,0.48,4.838244429706899,822.4800136463251,0.0
1077,0.32,0.1,0.58,8.99529047828109,759.4155104062393,0.0
1078,0.32,0.0,0.68,61.63566250032413,660.5510415899179,0.0
1079,0.33,0.67,0.0,1.5544905905256328,1821.74998930158,1.0
1080,0.33,0.66,0.01,1.577923389004815,1793.9711127395033,1.0
1081,0.33,0.65,0.02,1.6020589295140484,1766.2166423176554,1.0
1082,0.33,0.64,0.03,1.6269293058024024,1738.4928319880846,1.0
1083,0.33,0.63,0.04,1.6525685960949996,1710.8049988597231,1.0
1084,0.33,0.62,0.05,1.6790130188857662,1683.157744285161,1.0
1085,0.33,0.61,0.06,1.7063011036410347,1655.5551300968627,1.0
1086,0.33,0.6,0.07,1.7344738781059799,1628.0008295904324,1.0
1087,0.33,0.59,0.08,1.7635750741288583,1600.4982522954451,1.0
1088,0.33,0.58,0.09,1.7936513541746915,1573.0506415760094,1.0
1089,0.33,0.57,0.1,1.824752560996075,1545.66117382135,1.0
1090,0.33,0.56,0.11,1.8569319932709547,1518.3330327592423,1.0
1091,0.33,0.55,0.12,1.890246710413761,1491.0694758651039,1.0
1092,0.33,0.54,0.13,1.924757870226907,1463.8738954392932,1.0
1093,0.33,0.53,0.14,1.9605311035960402,1436.7498735069735,1.0
1094,0.33,0.52,0.15,1.99763693105878,1409.7012286873378,1.0
1095,0.33,0.51,0.16,2.0361512268099884,1382.73205816651,1.0
1096,0.33,0.5,0.17,2.0761557365675887,1355.8467832081885,1.0
1097,0.33,0.49,0.18,2.1177386567368446,1329.0501699010674,1.0
1098,0.33,0.48,0.19,2.160995283508469,1302.3473746216023,1.0
1099,0.33,0.47,0.2,2.2060287419448095,1275.743965871808,1.0
1100,0.33,0.46,0.21,2.2529508067949555,1249.2459548778525,0.0
1101,0.33,0.45,0.22,2.3018828287913413,1222.8598348202293,0.0
1102,0.33,0.3,0.37,3.4064477957648327,880.8539532740348,0.0
1103,0.33,0.2,0.47,4.991590740246897,823.9249639101363,0.0
1104,0.33,0.1,0.57,9.28878647561739,761.960104852144,0.0
1105,0.33,0.0,0.67,64.45189188030668,665.4982693328308,0.0
1106,0.34,0.66,0.0,1.6258629776021083,1776.9633640190432,1.0
1107,0.34,0.65,0.01,1.6507267665228615,1749.303684561034,1.0
1108,0.34,0.64,0.02,1.6763478543543038,1721.6781602243757,1.0
1109,0.34,0.63,0.03,1.7027613747521522,1694.091555444443,1.0
1110,0.34,0.62,0.04,1.7300046688008466,1666.5480608893097,1.0
1111,0.34,0.61,0.05,1.7581174611445536,1639.051445615862,1.0
1112,0.34,0.6,0.06,1.7871420532558702,1611.6051822014551,1.0
1113,0.34,0.59,0.07,1.8171235358197368,1584.2125477913967,1.0
1114,0.34,0.58,0.08,1.848110022475195,1556.8767220978243,1.0
1115,0.34,0.57,0.09,1.8801529074634828,1529.6008633658278,1.0
1116,0.34,0.56,0.1,1.9133071500844945,1502.3881783470615,1.0
1117,0.34,0.55,0.11,1.9476315892733727,1475.2419841254925,1.0
1118,0.34,0.54,0.12,1.9831892920849306,1448.1657626579251,1.0
1119,0.34,0.53,0.13,2.0200479404279617,1421.163210317489,1.0
1120,0.34,0.52,0.14,2.0582802610387447,1394.2382818229642,1.0
1121,0.34,0.51,0.15,2.097964504440988,1367.3952308184455,1.0
1122,0.34,0.5,0.16,2.139184979529361,1340.638643770985,1.0
1123,0.34,0.49,0.17,2.1820326514618142,1313.9734739749028,1.0
1124,0.34,0.48,0.18,2.2266058117837884,1287.4050702729319,1.0
1125,0.34,0.47,0.19,2.273010831174342,1260.9392075256455,0.0
1126,0.34,0.46,0.2,2.3213630069480287,1234.5821182106697,0.0
1127,0.34,0.4,0.26,2.660217707473307,1079.169676440662,0.0
1128,0.34,0.3,0.36,3.51034730396948,877.4542152427914,0.0
1129,0.34,0.2,0.46,5.145294052413298,825.3448797315647,0.0
1130,0.34,0.1,0.56,9.583551536368981,764.4412584876209,0.0
1131,0.34,0.0,0.66,67.35346154453111,670.2884654292692,0.0
1132,0.35,0.65,0.0,1.6994314381270899,1732.5425341923828,1.0
1133,0.35,0.64,0.01,1.7258043755068837,1705.0155674303194,1.0
1134,0.35,0.63,0.02,1.7529933175771963,1677.5300606397082,1.0
1135,0.35,0.62,0.03,1.7810367314276279,1650.0898945166753,1.0
1136,0.35,0.61,0.04,1.809975540571318,1622.6986192903958,1.0
1137,0.35,0.6,0.05,1.8398533242032382,1595.3595632103236,1.0
1138,0.35,0.59,0.06,1.8707165361742724,1568.075923646317,1.0
1139,0.35,0.58,0.07,1.902614745995194,1540.8508444866266,1.0
1140,0.35,0.57,0.08,1.9356009045003266,1513.6875001385433,1.0
1141,0.35,0.56,0.09,1.9697316371656886,1486.5891423979874,1.0
1142,0.35,0.55,0.1,2.005067568499431,1459.5591660021155,1.0
1143,0.35,0.54,0.11,2.0416736814137812,1432.6011580680133,1.0
1144,0.35,0.53,0.12,2.079619716060092,1405.718941915812,1.0
1145,0.35,0.52,0.13,2.118980613276994,1378.9166175672754,1.0
1146,0.35,0.51,0.14,2.1598370085843377,1352.1986016446187,1.0
1147,0.35,0.5,0.15,2.2022757835747044,1325.5696574228116,1.0
1148,0.35,0.49,0.16,2.2463906826367275,1299.0349227001666,1.0
1149,0.35,0.48,0.17,2.2922830042231523,1272.5999474196526,0.0
1150,0.35,0.47,0.18,2.340062377391885,1246.270717669062,0.0
1151,0.35,0.4,0.25,2.7387758554399393,1065.6000766811153,0.0
1152,0.35,0.3,0.35,3.6144124394161006,874.6440754963751,0.0
1153,0.35,0.2,0.45,5.29935561434853,826.7405794039204,0.0
1154,0.35,0.1,0.55,9.879593909428975,766.8616691440968,0.0
1155,0.35,0.0,0.65,70.34431027534707,674.928099294663,0.0
1156,0.36,0.64,0.0,1.775298913043478,1688.5011686918338,1.0
1157,0.36,0.63,0.01,1.8032644704262513,1661.1163424261852,1.0
1158,0.36,0.62,0.02,1.8321092548279394,1633.778859709199,1.0
1159,0.36,0.61,0.03,1.8618753923326288,1606.4921123400022,1.0
1160,0.36,0.6,0.04,1.8926077438645161,1579.259327691717,1.0
1161,0.36,0.59,0.05,1.9243541307827987,1552.083657768833,1.0
1162,0.36,0.58,0.06,1.9571655831821486,1524.9682483462132,1.0
1163,0.36,0.57,0.07,1.9910966136103831,1497.9163039511689,1.0
1164,0.36,0.56,0.08,2.0262055192914863,1470.9311459267888,1.0
1165,0.36,0.55,0.09,2.062554716378496,1444.0162627525788,1.0
1166,0.36,0.54,0.1,2.1002111102678036,1417.1753582657311,1.0
1167,0.36,0.53,0.11,2.1392465065969177,1390.412392488202,1.0
1168,0.36,0.52,0.12,2.179738068237465,1363.7316200884159,1.0
1169,0.36,0.51,0.13,2.2217688244028344,1337.1376253356802,1.0
1170,0.36,0.5,0.14,2.265428238938369,1310.6353491044504,1.0
1171,0.36,0.49,0.15,2.31081284597916,1284.2301250423488,1.0
1172,0.36,0.48,0.16,2.3580269624802837,1257.9277051606005,0.0
1173,0.36,0.47,0.17,2.4071834886884766,1231.7343126245166,0.0
1174,0.36,0.4,0.24,2.8174292162800056,1052.1866153487938,0.0
1175,0.36,0.3,0.34,3.7186435984626702,872.301916898425,0.0
1176,0.36,0.2,0.44,5.453776680020118,828.1128427248046,0.0
1177,0.36,0.1,0.54,10.176921915335964,769.2238843775364,0.0
1178,0.36,0.0,0.64,73.42862302900105,679.4234445422887,0.0
1179,0.37,0.63,0.0,1.853574879227053,1644.8461264186208,1.0
1180,0.37,0.62,0.01,1.883222287139855,1617.610537309817,1.0
1181,0.37,0.61,0.02,1.913817066921033,1590.42740280837,1.0
1182,0.37,0.6,0.03,1.945405365242804,1563.2998888561506,1.0
1183,0.37,0.59,0.04,1.9780363753281984,1536.2311320965769,1.0
1184,0.37,0.58,0.05,2.011762592582456,1509.2243004827144,1.0
1185,0.37,0.57,0.06,2.0466400964033213,1482.2826534525773,1.0
1186,0.37,0.56,0.07,2.082728861352301,1455.4095945360834,1.0
1187,0.37,0.55,0.08,2.1200931013188513,1428.6087195769642,1.0
1188,0.37,0.54,0.09,2.1588016508320904,1401.8838596869248,1.0
1189,0.37,0.53,0.1,2.198928388283553,1375.2391197866964,1.0
1190,0.37,0.52,0.11,2.2405527065355537,1348.678915213753,1.0
1191,0.37,0.51,0.12,2.2837600372226277,1322.208000829357,1.0
1192,0.37,0.5,0.13,2.3286424360315428,1295.8315040971042,1.0
1193,0.37,0.49,0.14,2.3752992373975395,1269.5549550776086,0.0
1194,0.37,0.48,0.15,2.4238377884156868,1243.384328408674,0.0
1195,0.37,0.4,0.23,2.8961779631961946,1038.9471272933179,0.0
1196,0.37,0.3,0.33,3.82304117873286,872.7963600847035,0.0
1197,0.37,0.2,0.43,5.608558509254707,829.4624139358103,0.0
1198,0.37,0.1,0.53,10.475543947053543,771.530313703859,0.0
1199,0.37,0.0,0.63,76.6108504732472,683.7805709877522,0.0
1200,0.38,0.62,0.0,1.9343758765778394,1601.58054034828,1.0
1201,0.38,0.61,0.01,1.9658006149104867,1574.5000474232486,1.0
1202,0.38,0.6,0.02,1.9982462414280486,1547.4767744284754,1.0
1203,0.38,0.59,0.03,2.031763325586099,1520.5138674977488,1.0
1204,0.38,0.58,0.04,2.066405832841668,1493.614535798007,1.0
1205,0.38,0.57,0.05,2.1022314145949257,1466.7821127436662,1.0
1206,0.38,0.56,0.06,2.139301728352257,1440.0200949690382,1.0
1207,0.38,0.55,0.07,2.177682791850775,1413.3321968774464,1.0
1208,0.38,0.54,0.08,2.217445375422787,1386.722385253808,1.0
1209,0.38,0.53,0.09,2.2586654375060693,1360.1949172546604,1.0
1210,0.38,0.52,0.1,2.3014246089384756,1333.7543717139338,1.0
1211,0.38,0.51,0.11,2.345810732533618,1307.405680738968,1.0
1212,0.38,0.5,0.12,2.3919184654422847,1281.1541638047297,1.0
1213,0.38,0.49,0.13,2.4398499529916333,1255.005556116189,0.0
1214,0.38,0.48,0.14,2.489715584097178,1228.9660801022274,0.0
1215,0.38,0.4,0.22,2.97502226981155,1025.9137584188836,0.0
1216,0.38,0.3,0.32,3.92760557912109,873.6443416728388,0.0
1217,0.38,0.2,0.42,5.763702367772324,830.790002531477,0.0
1218,0.38,0.1,0.52,10.77546847076006,773.7832330276319,0.0
1219,0.38,0.0,0.62,79.89573041569483,688.0053345756959,0.0
1220,0.39,0.61,0.0,2.017826086956522,1558.705716029845,1.0
1221,0.39,0.6,0.01,2.0511304255972203,1531.7856529065102,1.0
1222,0.39,0.59,0.02,2.0855350374250645,1504.9275492588295,1.0
1223,0.39,0.58,0.03,2.121095362704693,1478.1346744999087,1.0
1224,0.39,0.57,0.04,2.157870630007332,1451.41044389088,1.0
1225,0.39,0.56,0.05,2.195924185409442,1424.7584643195944,1.0
1226,0.39,0.55,0.06,2.235323856626816,1398.1825752938591,1.0
1227,0.39,0.54,0.07,2.2761423564873806,1371.6868867680007,1.0
1228,0.39,0.53,0.08,2.318457730791821,1345.275811336886,1.0
1229,0.39,0.52,0.09,2.36235385636562,1318.9540976676458,1.0
1230,0.39,0.51,0.1,2.407920995989838,1292.726860796295,1.0
1231,0.39,0.5,0.11,2.455256417935953,1266.5996160554573,0.0
1232,0.39,0.49,0.12,2.5044650890530162,1240.5783326665169,0.0
1233,0.39,0.4,0.21,3.053962310170746,1013.1408662362394,0.0
1234,0.39,0.3,0.31,4.0323371997976105,874.4825963392854,0.0
1235,0.39,0.2,0.41,5.919209527220882,832.0962859996063,0.0
1236,0.39,0.1,0.51,11.076704026648692,775.9847962438503,0.0
1237,0.39,0.0,0.61,83.28831133986208,692.1033623803124,0.0
1238,0.4,0.6,0.0,2.1040579710144924,1516.2223550768967,1.0
1239,0.4,0.59,0.01,2.1393515668067904,1489.4680423544316,1.0
1240,0.4,0.58,0.02,2.175831241016011,1462.780624708347,1.0
1241,0.4,0.57,0.03,2.2135578045692537,1436.1636140948056,1.0
1242,0.4,0.56,0.04,2.252596297756154,1409.620733701028,1.0
1243,0.4,0.55,0.05,2.293016364422063,1383.155956685122,1.0
1244,0.4,0.54,0.06,2.3348926666050036,1356.7735416127525,1.0
1245,0.4,0.53,0.07,2.378305344809768,1330.4780597268687,1.0
1246,0.4,0.52,0.08,2.423340529888913,1304.2744353289909,1.0
1247,0.4,0.51,0.09,2.470090913409859,1278.167973440463,1.0
1248,0.4,0.5,0.1,2.5186563844556447,1252.1644045076848,0.0
1249,0.4,0.49,0.11,2.569144742065558,1226.269960159629,0.0
1250,0.4,0.4,0.2,3.1329982587413685,1000.7151678123157,0.0
1251,0.4,0.3,0.3,4.137236442213609,875.3113396421209,0.0
1252,0.4,0.2,0.4,6.0750812652109145,833.3819115850375,0.0
1253,0.4,0.1,0.5,11.37925922973806,778.1370414118157,0.0
1254,0.4,0.0,0.6,86.7939782948349,696.0800588020293,0.0
1255,0.41,0.59,0.0,2.1932129697862934,1474.1314022966926,1.0
1256,0.41,0.58,0.01,2.2306135267198846,1447.548498814493,1.0
1257,0.41,0.57,0.02,2.269293000316209,1421.037798249933,1.0
1258,0.41,0.56,0.03,2.309318130739151,1394.6031476658543,1.0
1259,0.41,0.55,0.04,2.3507603841344187,1368.2486607783117,1.0
1260,0.41,0.54,0.05,2.393696378486732,1341.9787439863126,1.0
1261,0.41,0.53,0.06,2.4382083563708083,1315.79814057075,1.0
1262,0.41,0.52,0.07,2.484384710733169,1289.7119540658891,1.0
1263,0.41,0.51,0.08,2.5323205707771796,1263.725687650647,0.0
1264,0.41,0.5,0.09,2.582118456122628,1237.8453185242915,0.0
1265,0.41,0.4,0.19,3.212130290415196,988.7660443619571,0.0
1266,0.41,0.3,0.29,4.242303709106335,876.1307803002006,0.0
1267,0.41,0.2,0.39,6.231318865350569,834.6474978040015,0.0
1268,0.41,0.1,0.49,11.683142770693514,780.2419009234328,0.0
1269,0.41,0.0,0.59,90.4184814177729,699.9405965247911,0.0
1270,0.42,0.58,0.0,2.28544227886057,1432.4346095056264,1.0
1271,0.42,0.57,0.01,2.3250762793907542,1406.0293774854915,1.0
1272,0.42,0.56,0.02,2.366089749819905,1379.7021615450133,1.0
1273,0.42,0.55,0.03,2.4085559847848748,1353.4572141154442,1.0
1274,0.42,0.54,0.04,2.452553564975886,1327.2991084800037,1.0
1275,0.42,0.53,0.05,2.498166842428108,1301.2327512704942,1.0
1276,0.42,0.52,0.06,2.545486480276461,1275.2634399921099,1.0
1277,0.42,0.51,0.07,2.594610054240621,1249.396905002748,0.0
1278,0.42,0.5,0.08,2.6456427242367786,1223.6394116265526,0.0
1279,0.42,0.4,0.18,3.291358580509501,977.4656602847338,0.0
1280,0.42,0.3,0.28,4.347539404504262,876.9411194723609,0.0
1281,0.42,0.2,0.38,6.387923617280854,835.8936367900061,0.0
1282,0.42,0.1,0.48,11.988363416659261,782.3012029412511,0.0
1283,0.42,0.0,0.58,94.16796740701906,703.6899240764598,0.0
1284,0.43,0.57,0.0,2.380907704042716,1391.1349355496018,1.0
1285,0.43,0.56,0.01,2.4229112205748544,1364.9144290031513,1.0
1286,0.43,0.55,0.02,2.4664032355177876,1338.7783579522215,1.0
1287,0.43,0.54,0.03,2.5114642990483294,1312.731449061428,1.0
1288,0.43,0.53,0.04,2.5581808800774195,1286.7787973890338,1.0
1289,0.43,0.52,0.05,2.606645920050476,1260.9259056750216,0.0
1290,0.43,0.51,0.06,2.6569594501147313,1235.1787689885052,0.0
1291,0.43,0.4,0.17,3.370683304768331,967.0086962249546,0.0
1292,0.43,0.3,0.27,4.45294393373226,877.742552006108,0.0
1293,0.43,0.2,0.37,6.5448968167110975,837.1208948223353,0.0
1294,0.43,0.1,0.47,12.294930012101483,784.3166821833019,0.0
1295,0.43,0.0,0.57,98.04901430816865,707.3327722460075,0.0
1296,0.44,0.56,0.0,2.479782608695652,1350.2368078803227,1.0
1297,0.44,0.55,0.01,2.524302205601151,1324.2090193844188,1.0
1298,0.44,0.54,0.02,2.570428653812769,1298.272784534227,1.0
1299,0.44,0.53,0.03,2.6182505465574257,1272.4333907681607,0.0
1300,0.44,0.52,0.04,2.667863111740878,1246.6965822776178,0.0
1301,0.44,0.4,0.16,3.450104639363816,957.5700196027797,0.0
1302,0.44,0.3,0.26,4.558517703416797,878.5352663649169,0.0
1303,0.44,0.2,0.36,6.7022397654547055,838.3298142523938,0.0
1304,0.44,0.1,0.46,12.602851479662668,786.2899835361187,0.0
1305,0.44,0.0,0.56,102.06867002721641,710.8736475836594,0.0
1306,0.45,0.55,0.0,2.582252964426878,1309.746323516426,1.0
1307,0.45,0.54,0.01,2.6294467025110624,1283.9203246865948,1.0
1308,0.45,0.53,0.02,2.678375919250068,1258.1938508315102,0.0
1309,0.45,0.52,0.03,2.7291381371876744,1232.572939039554,0.0
1310,0.45,0.4,0.15,3.5296227608974715,949.2527182147086,0.0
1311,0.45,0.3,0.25,4.664261121491172,879.3194460207944,0.0
1312,0.45,0.2,0.35,6.859953771465143,839.5209148813842,0.0
1313,0.45,0.1,0.45,12.912136821027259,788.2226703949682,0.0
1314,0.45,0.0,0.55,106.23449504513864,714.3168536846706,0.0
1315,0.46,0.54,0.0,2.688518518518519,1269.671474245238,0.0
1316,0.46,0.4,0.14,3.6092378464015056,942.061183108401,0.0
1317,0.46,0.3,0.24,4.770174597200777,880.0952675012265,0.0
1318,0.46,0.2,0.34,7.018040148872168,840.6946945250046,0.0
1319,0.46,0.1,0.44,13.222795117798857,790.1162242847099,0.0
1320,0.46,0.0,0.54,110.55460987853948,717.6664860939605,0.0
1321,0.6,0.4,0.0,4.734130434782608,920.7436117494192,0.0
1322,0.6,0.3,0.1,6.271051654725816,890.1664685643906,0.0
1323,0.6,0.2,0.2,9.271099359078896,855.5455274777529,0.0
1324,0.6,0.1,0.3,17.721455338839117,813.1963831417064,0.0
1325,0.6,0.0,0.4,193.71682042150556,756.6129231916781,0.0
1326,0.7,0.3,0.0,7.364202898550724,896.586682881326,0.0
1327,0.7,0.2,0.1,10.927353444463346,864.6782753825951,0.0
1328,0.7,0.1,0.2,21.115587684743076,826.6696838025928,0.0
1329,0.7,0.0,0.3,300.6396625481763,777.8136905962717,0.0
1330,0.8,0.2,0.0,12.624347826086959,872.8613031172449,0.0
1331,0.8,0.1,0.1,24.67268810967477,838.3426540371272,0.0
1332,0.8,0.0,0.2,514.4853468015176,795.3546545235839,0.0
1333,0.9,0.1,0.0,28.40478260869565,848.6191549858175,0.0
1334,0.9,0.0,0.1,1156.0223995615418,810.2228827451457,0.0
1335,1.0,0.0,0.0,inf,823.0708384284968,0.0
