,Xf,Xa,Xi,phi,Tad,Flammable
0,0.01,0.99,0.0,0.02644444444444445,384.3466936221652,0.0
1,0.01,0.9,0.09,0.031126610536202647,391.01927237331256,0.0
2,0.01,0.8,0.19,0.03753877676175341,398.2805274319599,0.0
3,0.01,0.7,0.29,0.045739380010672896,405.3825774805189,0.0
4,0.01,0.6,0.39,0.056597903056017695,412.3273551500492,0.0
5,0.01,0.5,0.49,0.07165645248358062,419.11707283034895,0.0
6,0.01,0.4,0.59,0.09393612809884919,425.75418204154,0.0
7,0.01,0.3,0.69,0.13026931009936377,432.24133222688766,0.0
8,0.01,0.2,0.79,0.20007860841988587,438.58133426480913,0.0
9,0.01,0.1,0.89,0.38914942352472853,444.7771276967825,0.0
10,0.01,0.0,0.99,2.793554888564988,373.5349121269809,0.0
11,0.02,0.98,0.0,0.05342857142857143,467.41864658109756,0.0
12,0.02,0.9,0.08,0.059945666587119376,472.5272496572724,0.0
13,0.02,0.8,0.18,0.06988705578886853,478.7696577949755,0.0
14,0.02,0.7,0.28,0.082601895326854,484.85640375484314,0.0
15,0.02,0.6,0.38,0.09943892784087961,490.7914138702127,0.0
16,0.02,0.5,0.48,0.12279061880322412,496.57864116692724,0.0
17,0.02,0.4,0.58,0.15734493235334593,502.2220481433921,0.0
18,0.02,0.3,0.68,0.21370717005562812,507.72558481998783,0.0
19,0.02,0.2,0.78,0.3220408723767976,513.0931710812047,0.0
20,0.02,0.1,0.88,0.6157237814090564,518.3286832733453,0.0
21,0.02,0.0,0.98,4.385589728381632,382.1331791467712,0.0
22,0.03,0.97,0.0,0.08096907216494845,548.9254440032153,0.0
23,0.03,0.9,0.07,0.08877556317744997,552.6052665630518,0.0
24,0.03,0.8,0.17,0.10224899276790163,557.7403565611567,0.0
25,0.03,0.7,0.27,0.11948214611305243,562.7364417946682,0.0
26,0.03,0.6,0.37,0.14230390665863507,567.5981730485078,0.0
27,0.03,0.5,0.47,0.17395890929514762,572.3300718765429,0.0
28,0.03,0.4,0.57,0.22080620654456212,576.936526504924,0.0
29,0.03,0.3,0.67,0.2972358730242367,581.421787844509,0.0
30,0.03,0.2,0.77,0.44419719253813544,585.7899753131227,0.0
31,0.03,0.1,0.87,0.842967497968633,590.0450667764532,0.0
32,0.03,0.0,0.97,6.010450028813055,390.66564159293483,0.0
33,0.04,0.96,0.0,0.1090833333333333,628.6535113744239,0.0
34,0.04,0.9,0.06,0.11761630642499032,631.0992656626224,0.0
35,0.04,0.8,0.16,0.13462459635058224,635.0815745422416,0.0
36,0.04,0.7,0.26,0.15638014517180948,638.9503998147774,0.0
37,0.04,0.6,0.36,0.18519285960530713,642.7101210497723,0.0
38,0.04,0.5,0.46,0.22516135812968865,646.3649270149989,0.0
39,0.04,0.4,0.56,0.28432001582671046,649.9188226193999,0.0
40,0.04,0.3,0.66,0.38085556744405974,653.3756367491584,0.0
41,0.04,0.2,0.76,0.5665480324217786,656.739031484428,0.0
42,0.04,0.1,0.86,1.0708835437767832,635.9761530380907,0.0
43,0.04,0.0,0.96,7.669161585503462,399.1301778471279,0.0
44,0.05,0.95,0.0,0.13778947368421054,706.4776921010116,0.0
45,0.05,0.8,0.15,0.16701387519594857,710.7350431196437,0.0
46,0.05,0.7,0.25,0.19329590531799157,713.4690161250762,0.0
47,0.05,0.6,0.35,0.2281058067994045,716.1236347899618,0.0
48,0.05,0.5,0.45,0.27639799952282196,718.7021743651593,0.0
49,0.05,0.4,0.55,0.34788642546192106,721.2077431948491,0.0
50,0.05,0.3,0.65,0.4645664020775453,723.643294985535,0.0
51,0.05,0.2,0.75,0.6890938570229797,726.0116548819043,0.0
52,0.05,0.1,0.85,1.2994749070105074,632.8088938317889,0.0
53,0.05,0.0,0.95,9.362793385492614,407.5244725197282,0.0
54,0.06,0.94,0.0,0.16710638297872335,782.3600123080754,0.0
55,0.06,0.8,0.14,0.19941683797035561,784.6989455255097,0.0
56,0.06,0.7,0.24,0.23022943937880522,786.3095929656515,0.0
57,0.06,0.6,0.34,0.2710427683819529,787.8726942981218,0.0
58,0.06,0.5,0.44,0.3276688677362358,789.3902989698214,0.0
59,0.06,0.4,0.54,0.4115055008204657,790.8643510502078,0.0
60,0.06,0.3,0.64,0.5483685260116018,792.2967101209933,0.0
61,0.06,0.2,0.74,0.8118351328202544,793.6892418057347,0.0
62,0.06,0.1,0.84,1.5287445935810715,634.6364671475762,0.0
63,0.06,0.0,0.94,11.092459904630477,415.8460001366856,0.0
64,0.07,0.93,0.0,0.19705376344086023,856.3399734671954,0.0
65,0.07,0.8,0.13,0.23183349334748268,857.0253656841114,0.0
66,0.07,0.7,0.23,0.26718076019381176,857.5342650379868,0.0
67,0.07,0.6,0.33,0.3140037645165262,858.028029723509,0.0
68,0.07,0.5,0.43,0.3789739970774083,858.5073545878236,0.0
69,0.07,0.4,0.53,0.4751773073809813,858.9729220907514,0.0
70,0.07,0.3,0.63,0.6322620886584832,859.4254596166037,0.0
71,0.07,0.2,0.73,0.9347723277813016,859.86627198156,0.0
72,0.07,0.1,0.83,1.7586956272657686,637.6444210232409,0.0
73,0.07,0.0,0.93,12.859323553212162,424.0920132251726,0.0
74,0.08,0.92,0.0,0.2276521739130435,928.5212938833442,0.0
75,0.08,0.8,0.12,0.2642638500083409,927.8145254274435,0.0
76,0.08,0.7,0.22,0.3041498806149422,927.245532962126,0.0
77,0.08,0.6,0.32,0.35698881538927835,926.6938722040101,0.0
78,0.08,0.5,0.42,0.4303134218996842,926.1588473662102,0.0
79,0.08,0.4,0.52,0.5389019107306946,925.6398877446284,0.0
80,0.08,0.3,0.62,0.7162472397566764,925.1367461647225,0.0
81,0.08,0.2,0.72,1.0579059113689493,888.9140601107945,0.0
82,0.08,0.1,0.82,1.989331049840848,641.0402999773466,0.0
83,0.08,0.0,0.92,14.66459728111084,432.2595102000475,0.0
84,0.09,0.91,0.0,0.2589230769230769,999.0589746812769,0.0
85,0.09,0.8,0.11,0.29670791664128165,997.2084183779854,0.0
86,0.09,0.7,0.21,0.3411368135065124,995.5812220207764,0.0
87,0.09,0.6,0.31,0.39999794120897514,994.0041082401575,0.0
88,0.09,0.5,0.41,0.48168717660235105,992.4749768246882,0.0
89,0.09,0.4,0.51,0.6026793765656482,990.9920897668126,0.0
90,0.09,0.3,0.61,0.8003241293717926,989.5547724769243,0.0
91,0.09,0.2,0.71,1.1812363545471314,877.4770196301855,0.0
92,0.09,0.1,0.81,2.2206539212156433,644.5824823595493,0.0
93,0.09,0.0,0.91,16.50954735467762,440.34525065501344,0.0
94,0.1,0.9,0.0,0.290888888888889,1068.141323623491,0.0
95,0.1,0.8,0.1,0.32916570194200356,1065.3813473492162,0.0
96,0.1,0.7,0.2,0.37814157174523755,1062.7087497784244,0.0
97,0.1,0.6,0.3,0.4430311622070254,1060.1196149872258,0.0
98,0.1,0.5,0.4,0.533095295630717,1057.610493816197,0.0
99,0.1,0.4,0.5,0.6665097706909253,1055.1787627203294,0.0
100,0.1,0.3,0.6,0.8844929078974608,1052.8251763035482,0.0
101,0.1,0.2,0.7,1.304764129786892,866.2498433271434,0.0
102,0.1,0.1,0.8,2.452667319567893,648.1693037062058,0.0
103,0.1,0.0,0.9,18.395496318768107,448.34576096519686,0.0
104,0.11,0.89,0.0,0.3235730337078651,1135.8763067574232,0.0
105,0.11,0.8,0.09,0.3616372146135606,1132.4388509910405,0.0
106,0.11,0.7,0.19,0.4151641682202474,1128.7357277887659,0.0
107,0.11,0.6,0.29,0.4860884986375132,1125.149770125315,0.0
108,0.11,0.5,0.39,0.5845378134761859,1121.6763985588332,0.0
109,0.11,0.4,0.49,0.7303931590208768,1118.3128666205002,0.0
110,0.11,0.3,0.59,0.9687537260562257,1115.069564390072,0.0
111,0.11,0.2,0.69,1.4284897110724193,855.2371683928934,0.0
112,0.11,0.1,0.79,2.6853743414802724,651.7497762618832,0.0
113,0.11,0.0,0.89,20.32382615845613,456.257354919795,0.0
114,0.12,0.88,0.0,0.357,1202.3233578485874,0.0
115,0.12,0.8,0.08,0.39412246336637,1198.4371378799874,0.0
116,0.12,0.7,0.18,0.45220461583310123,1193.7209695184772,0.0
117,0.12,0.6,0.28,0.5291699707772286,1189.1559074519487,0.0
118,0.12,0.5,0.38,0.6360147646763369,1184.7367355929696,0.0
119,0.12,0.4,0.48,0.7943296075793466,1180.4623904863383,0.0
120,0.12,0.3,0.58,1.053106734900445,1129.0579606178178,0.0
121,0.12,0.2,0.68,1.552413573907106,844.4767197875241,0.0
122,0.12,0.1,0.78,2.91877810207817,655.8670422613739,0.0
123,0.12,0.0,0.88,22.29598167631888,464.07616498200656,0.0
124,0.13,0.87,0.0,0.3911954022988507,1267.5348930458279,0.0
125,0.13,0.8,0.07,0.42662145691821995,1263.4243502757597,0.0
126,0.13,0.7,0.17,0.48926292749780276,1257.7154437166723,0.0
127,0.13,0.6,0.27,0.5722755989257017,1252.1918650217601,0.0
128,0.13,0.5,0.37,0.687526183815,1246.8487304768405,0.0
129,0.13,0.4,0.47,0.8583191824999018,1241.6911236875933,0.0
130,0.13,0.3,0.57,1.1375520858131942,1115.1935202309908,0.0
131,0.13,0.2,0.67,1.6765361953196445,834.0813341851,0.0
132,0.13,0.1,0.77,3.1528817351686786,660.1978862829108,0.0
133,0.13,0.0,0.87,24.313474102638253,471.79818345973104,0.0
134,0.14,0.86,0.0,0.426186046511628,1331.5575067641548,1.0
135,0.14,0.85,0.01,0.43135992328137024,1330.8657565490896,1.0
136,0.14,0.84,0.02,0.43665485078017713,1330.1763348106192,1.0
137,0.14,0.83,0.03,0.44207512754276057,1329.4892311893636,1.0
138,0.14,0.82,0.04,0.4476252580641237,1328.8044355179961,1.0
139,0.14,0.81,0.05,0.4533099652846077,1328.1219378268663,1.0
140,0.14,0.8,0.06,0.45913420399427707,1327.4417283505181,1.0
141,0.14,0.79,0.07,0.46510317523660466,1326.7637975352168,1.0
142,0.14,0.78,0.08,0.4712223417994604,1326.0881360475942,1.0
143,0.14,0.77,0.09,0.47749744489038654,1325.4147347845208,1.0
144,0.14,0.76,0.1,0.4839345221031481,1324.7435850507848,1.0
145,0.14,0.75,0.11,0.49053992679374053,1324.0746778049268,1.0
146,0.14,0.74,0.12,0.49732034899656474,1323.4080048610365,1.0
147,0.14,0.73,0.13,0.5042828380255171,1322.7435581779766,1.0
148,0.14,0.72,0.14,0.5114348269204949,1322.081330019424,1.0
149,0.14,0.71,0.15,0.5187841589175447,1321.4213145846659,1.0
150,0.14,0.7,0.16,0.5263391161408151,1320.7635021767908,1.0
151,0.14,0.69,0.17,0.5341084507369754,1320.1078872095977,1.0
152,0.14,0.68,0.18,0.5421014186981616,1319.4544634086722,1.0
153,0.14,0.67,0.19,0.5503278166482639,1318.803224951462,1.0
154,0.14,0.66,0.2,0.5587980218999373,1318.1541665115562,1.0
155,0.14,0.65,0.21,0.5675230361267171,1317.5072833101538,1.0
156,0.14,0.64,0.22,0.5765145330366837,1316.8625711761958,1.0
157,0.14,0.63,0.23,0.5857849104820705,1316.2200266169345,1.0
158,0.14,0.62,0.24,0.5953473474939519,1315.5796469011505,1.0
159,0.14,0.61,0.25,0.6052158667937655,1314.9414301578756,1.0
160,0.14,0.6,0.26,0.6154054034052318,1314.3053754941848,1.0
161,0.14,0.59,0.27,0.6259318800726942,1313.6714831366787,1.0
162,0.14,0.58,0.28,0.636812290286874,1313.039754602686,1.0
163,0.14,0.57,0.29,0.6480647898285922,1312.410192921719,1.0
164,0.14,0.56,0.3,0.6597087978677392,1311.782802807137,1.0
165,0.14,0.55,0.31,0.6717651088016944,1311.1575911061743,1.0
166,0.14,0.54,0.32,0.6842560161881319,1310.5345671519224,1.0
167,0.14,0.53,0.33,0.69720545032612,1309.9137432609987,1.0
168,0.14,0.52,0.34,0.7106391312718402,1309.2951353874573,1.0
169,0.14,0.51,0.35,0.7245847393475537,1308.6787639761362,1.0
170,0.14,0.5,0.36,0.7390721055223337,1308.0646550949339,1.0
171,0.14,0.49,0.37,0.7541334244200011,1307.4528419653461,1.0
172,0.14,0.48,0.38,0.7698034931551891,1306.8433670759996,1.0
173,0.14,0.47,0.39,0.7861199797266253,1306.23628662311,1.0
174,0.14,0.46,0.4,0.8031237253250153,1305.631669181588,1.0
175,0.14,0.45,0.41,0.8208590856628429,1305.0296105865768,1.0
176,0.14,0.44,0.42,0.8393743173317241,1304.4302388983645,1.0
177,0.14,0.43,0.43,0.8587220162730521,1303.8337327517402,1.0
178,0.14,0.42,0.44,0.8789596167512911,1303.2403514438324,1.0
179,0.14,0.41,0.45,0.9001499607991035,1302.6504928421732,1.0
180,0.14,0.4,0.46,0.9223619500260586,1302.0648168563953,1.0
181,0.14,0.39,0.47,0.9456712940326547,1301.4845639765767,1.0
182,0.14,0.38,0.48,0.9701613725570494,1300.9126308360271,1.0
183,0.14,0.37,0.49,0.9959242320424212,1300.3592596463668,1.0
184,0.14,0.36,0.5,1.0230617417283383,1275.5401347096404,1.0
185,0.14,0.35,0.51,1.0516869398742157,1246.3194971635492,0.0
186,0.14,0.34,0.52,1.0819256076238806,1217.1744396474385,0.0
187,0.14,0.2,0.66,1.8008580538701429,824.3026440370389,0.0
188,0.14,0.1,0.76,3.3876883933808575,664.4024607129113,0.0
189,0.14,0.0,0.86,26.377884957476684,479.4193091730581,0.0
190,0.15,0.85,0.0,0.4620000000000001,1394.4324573541953,1.0
191,0.15,0.84,0.01,0.467654503636504,1393.645456177751,1.0
192,0.15,0.83,0.02,0.47344289627351516,1392.861125435392,1.0
193,0.15,0.82,0.03,0.479369990280089,1392.0794542747815,1.0
194,0.15,0.81,0.04,0.4854408314497557,1391.300432146638,1.0
195,0.15,0.8,0.05,0.4916607133270947,1390.524048818024,1.0
196,0.15,0.79,0.06,0.4980351926025902,1389.7502943876186,1.0
197,0.15,0.78,0.07,0.5045701056698625,1388.9791593032285,1.0
198,0.15,0.77,0.08,0.5112715864489787,1388.2106343818132,1.0
199,0.15,0.76,0.09,0.5181460855902441,1387.4447108324027,1.0
200,0.15,0.75,0.1,0.5252003911848538,1386.6813802822821,1.0
201,0.15,0.74,0.11,0.5324416511221748,1385.920634806968,1.0
202,0.15,0.73,0.12,0.5398773972484472,1385.162466964553,1.0
203,0.15,0.72,0.13,0.5475155714985498,1384.406869835117,1.0
204,0.15,0.71,0.14,0.5553645541914227,1383.653837066073,1.0
205,0.15,0.7,0.15,0.5634331947010761,1382.9033629244645,1.0
206,0.15,0.69,0.16,0.5717308447391731,1382.1554423574873,1.0
207,0.15,0.68,0.17,0.5802673945123547,1381.4100710627474,1.0
208,0.15,0.67,0.18,0.5890533120482254,1380.6672455701832,1.0
209,0.15,0.66,0.19,0.5980996860187637,1379.9269633379527,1.0
210,0.15,0.65,0.2,0.6074182724295044,1379.189222865269,1.0
211,0.15,0.64,0.21,0.6170215455878443,1378.4540238258257,1.0
212,0.15,0.63,0.22,0.6269227538151163,1377.7213672264572,1.0
213,0.15,0.62,0.23,0.6371359804256589,1376.9912555971584,1.0
214,0.15,0.61,0.24,0.6476762105631018,1376.2636932199607,1.0
215,0.15,0.6,0.25,0.658559404560921,1375.5386864069173,1.0
216,0.15,0.59,0.26,0.6698025785825691,1374.816243840396,1.0
217,0.15,0.58,0.27,0.6814238933980907,1374.096376993477,1.0
218,0.15,0.57,0.28,0.6934427522714023,1373.3791006544825,1.0
219,0.15,0.56,0.29,0.705879909068018,1372.6644335886328,1.0
220,0.15,0.55,0.3,0.7187575878502503,1371.9523993830012,1.0
221,0.15,0.54,0.31,0.7320996154096493,1371.2430275402432,1.0
222,0.15,0.53,0.32,0.745931568399405,1370.5363549162564,1.0
223,0.15,0.52,0.33,0.7602809369782094,1369.832427642711,1.0
224,0.15,0.51,0.34,0.7751773071685579,1369.1313037491848,1.0
225,0.15,0.5,0.35,0.790652564474903,1368.4330568210726,1.0
226,0.15,0.49,0.36,0.8067411217105804,1367.7377812380673,1.0
227,0.15,0.48,0.37,0.8234801744593542,1367.0455999108249,1.0
228,0.15,0.47,0.38,0.8409099881629258,1366.3566761346003,1.0
229,0.15,0.46,0.39,0.8590742214984454,1365.6712325776548,1.0
230,0.15,0.45,0.4,0.8780202915131009,1364.9895834238132,1.0
231,0.15,0.44,0.41,0.8977997869448108,1364.3121927356651,1.0
232,0.15,0.43,0.42,0.9184689373147327,1363.6397906646966,1.0
233,0.15,0.42,0.43,0.9400891467734797,1362.9736359550684,1.0
234,0.15,0.41,0.44,0.9627276033750108,1362.3162238764935,1.0
235,0.15,0.4,0.45,0.9864579765115107,1361.6733875603754,1.0
236,0.15,0.39,0.46,1.0113612177599347,1348.2541298356455,1.0
237,0.15,0.38,0.47,1.0375264834823332,1319.026535717875,1.0
238,0.15,0.37,0.48,1.065052201336844,1289.859115386921,1.0
239,0.15,0.36,0.49,1.094047307587372,1260.7604946056415,0.0
240,0.15,0.35,0.5,1.124632687998831,1231.7391602895425,0.0
241,0.15,0.2,0.65,1.92537962965628,815.5552799257783,0.0
242,0.15,0.1,0.75,3.623201248307249,668.485050280034,0.0
243,0.15,0.0,0.85,28.49087018537012,486.9354198070415,0.0
244,0.16,0.84,0.0,0.49866666666666676,1456.195454140501,1.0
245,0.16,0.83,0.01,0.5048234736335669,1455.3169182004615,1.0
246,0.16,0.82,0.02,0.5111278403899793,1454.4413947108856,1.0
247,0.16,0.81,0.03,0.5175851361109597,1453.568873260636,1.0
248,0.16,0.8,0.04,0.5242009936566205,1452.6993439341827,1.0
249,0.16,0.79,0.05,0.5309813259606104,1451.8327973411942,1.0
250,0.16,0.78,0.06,0.537932343656262,1450.9692246504899,1.0
251,0.16,0.77,0.07,0.5450605740508523,1450.1086176289614,1.0
252,0.16,0.76,0.08,0.5523728815698176,1449.2509686862231,1.0
253,0.16,0.75,0.09,0.5598764898055197,1448.396270925884,1.0
254,0.16,0.74,0.1,0.5675790053194338,1447.544518204493,1.0
255,0.16,0.73,0.11,0.5754884433626208,1446.6957051994996,1.0
256,0.16,0.72,0.12,0.5836132556973103,1445.849827487755,1.0
257,0.16,0.71,0.13,0.591962360722599,1445.0068816365222,1.0
258,0.16,0.7,0.14,0.6005451761300131,1444.1668653093006,1.0
259,0.16,0.69,0.15,0.6093716543403017,1443.3297773894149,1.0
260,0.16,0.68,0.16,0.6184523210018052,1442.4956181249484,1.0
261,0.16,0.67,0.17,0.6277983168634859,1441.6643892995605,1.0
262,0.16,0.66,0.18,0.6374214433728591,1440.8360944348449,1.0
263,0.16,0.65,0.19,0.6473342123912267,1440.010739031504,1.0
264,0.16,0.64,0.2,0.6575499004665734,1439.1883308585739,1.0
265,0.16,0.63,0.21,0.6680826081591528,1438.3688803027385,1.0
266,0.16,0.62,0.22,0.6789473249772113,1437.5524007934337,1.0
267,0.16,0.61,0.23,0.6901600005517012,1436.738909324533,1.0
268,0.16,0.6,0.24,0.7017376227607061,1435.9284271004597,1.0
269,0.16,0.59,0.25,0.7136983036083776,1435.1209803445743,1.0
270,0.16,0.58,0.26,0.7260613737714552,1434.3166013219638,1.0
271,0.16,0.57,0.27,0.7388474868514495,1433.5153296496512,1.0
272,0.16,0.56,0.28,0.7520787345150979,1432.7172139984946,1.0
273,0.16,0.55,0.29,0.7657787738733282,1431.9223143384158,1.0
274,0.16,0.54,0.3,0.7799729686437552,1431.130704952932,1.0
275,0.16,0.53,0.31,0.7946885458687639,1430.3424785679651,1.0
276,0.16,0.52,0.32,0.8099547702264492,1429.5577521374453,1.0
277,0.16,0.51,0.33,0.825803138282442,1428.7766751670742,1.0
278,0.16,0.5,0.34,0.8422675953957578,1427.9994420635062,1.0
279,0.16,0.49,0.35,0.8593847784220472,1427.2263111304287,1.0
280,0.16,0.48,0.36,0.8771942878661769,1426.457635075828,1.0
281,0.16,0.47,0.37,0.8957389937390995,1425.6939125273882,1.0
282,0.16,0.46,0.38,0.9150653800913696,1424.9358804666092,1.0
283,0.16,0.45,0.39,0.935223934052076,1424.184690101426,1.0
284,0.16,0.44,0.4,0.9562695862279689,1423.4422398992408,1.0
285,0.16,0.43,0.41,0.9782622105513088,1422.711156835356,1.0
286,0.16,0.42,0.42,1.0012671931542787,1420.5812953453235,1.0
287,0.16,0.41,0.43,1.0253560816528928,1391.4310359381432,1.0
288,0.16,0.4,0.44,1.0506073284203612,1362.2560284218357,1.0
289,0.16,0.39,0.45,1.0771071441157636,1333.13691813582,1.0
290,0.16,0.38,0.46,1.104950481032562,1304.080991618979,1.0
291,0.16,0.37,0.47,1.134242169902286,1275.0955909008305,1.0
292,0.16,0.36,0.48,1.1650982388379074,1246.1886991203253,0.0
293,0.16,0.35,0.49,1.197647449397352,1217.3690376096354,0.0
294,0.16,0.2,0.64,2.0501014043194843,808.2670414771875,0.0
295,0.16,0.1,0.74,3.8594234906466847,672.4499050597082,0.0
296,0.16,0.0,0.84,30.65416458535627,494.34240497577576,0.0
297,0.17,0.83,0.0,0.5362168674698794,1516.8755413486822,1.0
298,0.17,0.82,0.01,0.5428988165265469,1515.9095558792485,1.0
299,0.17,0.81,0.02,0.5497428877008095,1514.9469313783472,1.0
300,0.17,0.8,0.03,0.5567550537302046,1513.9876593247131,1.0
301,0.17,0.79,0.04,0.5639415843886367,1513.0317320251936,1.0
302,0.17,0.78,0.05,0.5713090651841256,1512.0791426752598,1.0
303,0.17,0.77,0.06,0.578864417486935,1511.1298853246283,1.0
304,0.17,0.76,0.07,0.5866149202173969,1510.1839552006243,1.0
305,0.17,0.75,0.08,0.5945682332362778,1509.2413486803482,1.0
306,0.17,0.74,0.09,0.6027324225956743,1508.3020633909655,1.0
307,0.17,0.73,0.1,0.6111159878254304,1507.3660983376524,1.0
308,0.17,0.72,0.11,0.6197278914491019,1506.433455471153,1.0
309,0.17,0.71,0.12,0.6285775909449489,1505.5041343711061,1.0
310,0.17,0.7,0.13,0.6376750733915572,1504.5781402713644,1.0
311,0.17,0.69,0.14,0.6470308930649116,1503.6554794666083,1.0
312,0.17,0.68,0.15,0.6566562122844781,1502.7361608780423,1.0
313,0.17,0.67,0.16,0.6665628458406548,1501.8201955712477,1.0
314,0.17,0.66,0.17,0.676763309375362,1500.907598384058,1.0
315,0.17,0.65,0.18,0.687270872132333,1499.9983875700657,1.0
316,0.17,0.64,0.19,0.6980996145445783,1499.0925847356812,1.0
317,0.17,0.63,0.2,0.7092644911845613,1498.1902203028278,1.0
318,0.17,0.62,0.21,0.7207813996688816,1497.2913248680654,1.0
319,0.17,0.61,0.22,0.7326672561851141,1496.3959398541715,1.0
320,0.17,0.6,0.23,0.7449400783953906,1495.504114179316,1.0
321,0.17,0.59,0.24,0.7576190765712009,1494.6159070210324,1.0
322,0.17,0.58,0.25,0.7707247539289211,1493.7313901613647,1.0
323,0.17,0.57,0.26,0.7842790172683047,1492.850651060482,1.0
324,0.17,0.56,0.27,0.798305299169719,1491.9737969491655,1.0
325,0.17,0.55,0.28,0.8128286931839318,1491.1009603659659,1.0
326,0.17,0.54,0.29,0.8278761036551866,1490.2323067928935,1.0
327,0.17,0.53,0.3,0.8434764120594547,1489.3680453826557,1.0
328,0.17,0.52,0.31,0.8596606620215094,1488.5084443151106,1.0
329,0.17,0.51,0.32,0.8764622655046141,1487.6538530993537,1.0
330,0.17,0.5,0.33,0.8939172330545092,1486.804734917843,1.0
331,0.17,0.49,0.34,0.9120644314365153,1485.961710821777,1.0
332,0.17,0.48,0.35,0.9309458725449293,1485.1256006952472,1.0
333,0.17,0.47,0.36,0.9506070381046652,1484.2973140715706,1.0
334,0.17,0.46,0.37,0.9710972454474539,1483.47613719479,1.0
335,0.17,0.45,0.38,0.9924700605550468,1482.6184786447288,1.0
336,0.17,0.44,0.39,1.0147837656523067,1463.5521893475566,1.0
337,0.17,0.43,0.4,1.038101889944383,1434.3847863813298,1.0
338,0.17,0.42,0.41,1.0624938136752096,1405.2575103849786,1.0
339,0.17,0.41,0.42,1.0880354576034137,1376.1822582321406,1.0
340,0.17,0.4,0.43,1.1148100723273477,1347.1655187814358,1.0
341,0.17,0.39,0.44,1.1429091447465602,1318.213691685018,1.0
342,0.17,0.38,0.45,1.1724334424543428,1289.3336701943228,1.0
343,0.17,0.37,0.46,1.2034942211847273,1260.5330078871145,0.0
344,0.17,0.36,0.47,1.2362146258068107,1231.8199753208974,0.0
345,0.17,0.3,0.53,1.4762599494368887,1061.93283858777,0.0
346,0.17,0.2,0.63,2.1750238610511388,802.6028671299566,0.0
347,0.17,0.1,0.73,4.096358330348367,676.3012229757783,0.0
348,0.17,0.0,0.83,32.8695865612457,501.63625476060554,0.0
349,0.18,0.82,0.0,0.5746829268292682,1576.4926469690554,1.0
350,0.18,0.81,0.01,0.5819140946589523,1575.4436780446329,1.0
351,0.18,0.8,0.02,0.5893229023026063,1574.398432466955,1.0
352,0.18,0.79,0.03,0.5969159769724265,1573.3569056310187,1.0
353,0.18,0.78,0.04,0.6047002796871067,1572.3190943014968,1.0
354,0.18,0.77,0.05,0.6126831265567656,1571.2849967344296,1.0
355,0.18,0.76,0.06,0.6208722117175766,1570.254612817697,1.0
356,0.18,0.75,0.07,0.6292756320672164,1569.2279442335366,1.0
357,0.18,0.74,0.08,0.637901913968295,1568.2049958380328,1.0
358,0.18,0.73,0.09,0.6467600421048866,1567.1857712120598,1.0
359,0.18,0.72,0.1,0.6558594906974597,1566.1702797799521,1.0
360,0.18,0.71,0.11,0.665210257304189,1565.1585326262323,1.0
361,0.18,0.7,0.12,0.6748228994621606,1564.1505439479145,1.0
362,0.18,0.69,0.13,0.6847085744507995,1563.1463314728717,1.0
363,0.18,0.68,0.14,0.6948790824923652,1562.1459169572568,1.0
364,0.18,0.67,0.15,0.7053469137412081,1561.1493267800797,1.0
365,0.18,0.66,0.16,0.7161252994551801,1560.1565926579701,1.0
366,0.18,0.65,0.17,0.7272282677900115,1559.1677525095315,1.0
367,0.18,0.64,0.18,0.7386707047113543,1558.1828515070476,1.0
368,0.18,0.63,0.19,0.7504684205806427,1557.2019433641008,1.0
369,0.18,0.62,0.2,0.7626382230410819,1556.2250919214316,1.0
370,0.18,0.61,0.21,0.775197996910355,1555.2523731107656,1.0
371,0.18,0.6,0.22,0.788166791878675,1554.2838773963215,1.0
372,0.18,0.59,0.23,0.8015649189165739,1553.3197128139352,1.0
373,0.18,0.58,0.24,0.8154140564185849,1552.3600087372467,1.0
374,0.18,0.57,0.25,0.82973736724952,1551.4049204696091,1.0
375,0.18,0.56,0.26,0.8445596280226039,1550.4546346043257,1.0
376,0.18,0.55,0.27,0.8599073721272321,1549.5093745103031,1.0
377,0.18,0.54,0.28,0.8758090482432362,1548.569403549359,1.0
378,0.18,0.53,0.29,0.8922951963339034,1547.635020111127,1.0
379,0.18,0.52,0.3,0.9093986434083715,1546.7065212553402,1.0
380,0.18,0.51,0.31,0.927154721693661,1545.7840309894639,1.0
381,0.18,0.5,0.32,0.9456015122674084,1544.8668535097631,1.0
382,0.18,0.49,0.33,0.964780117686553,1543.9501008085374,1.0
383,0.18,0.48,0.34,0.9847349677195524,1542.994244330062,1.0
384,0.18,0.47,0.35,1.0055141629684718,1535.303288201631,1.0
385,0.18,0.46,0.36,1.0271698619748646,1506.2613228228845,1.0
386,0.18,0.45,0.37,1.0497587183675379,1477.1390686678048,1.0
387,0.18,0.44,0.38,1.073342375765578,1448.0552387911202,1.0
388,0.18,0.43,0.39,1.097988029539349,1419.0198951908176,1.0
389,0.18,0.42,0.4,1.1237690662095852,1390.0390925705174,1.0
390,0.18,0.41,0.41,1.1507657932980038,1361.1185105631541,1.0
391,0.18,0.4,0.42,1.1790662749180771,1332.2641455878293,1.0
392,0.18,0.39,0.43,1.2087672914210088,1303.4825258569372,1.0
393,0.18,0.38,0.44,1.2399754451294507,1274.7808124892922,1.0
394,0.18,0.37,0.45,1.2728084387799656,1246.1668443365552,0.0
395,0.18,0.36,0.46,1.3073965589874526,1217.6491550544356,0.0
396,0.18,0.3,0.52,1.5611692930770704,1049.1257336976232,0.0
397,0.18,0.2,0.62,2.30014748459883,798.3978684672795,0.0
398,0.18,0.1,0.72,4.334008996757275,680.0431219002146,0.0
399,0.18,0.0,0.82,35.1390432194739,508.81312463403617,0.0
400,0.19,0.81,0.0,0.6140987654320986,1635.053043810089,1.0
401,0.19,0.8,0.01,0.6219045481360037,1633.9258680874218,1.0
402,0.19,0.79,0.02,0.6299045128055314,1632.8027936225817,1.0
403,0.19,0.78,0.03,0.6381059966070526,1631.6838216443377,1.0
404,0.19,0.77,0.04,0.6465167110685046,1630.5689554612513,1.0
405,0.19,0.76,0.05,0.6551447662640246,1629.458200655429,1.0
406,0.19,0.75,0.06,0.663998696897985,1628.3515653043262,1.0
407,0.19,0.74,0.07,0.6730874904647729,1627.2490602205405,1.0
408,0.19,0.73,0.08,0.6824206176796312,1626.1506992986876,1.0
409,0.19,0.72,0.09,0.6920080653971414,1625.056499766652,1.0
410,0.19,0.71,0.1,0.7018603722578926,1623.9664826211783,1.0
411,0.19,0.7,0.11,0.71198866733081,1622.8806730508195,1.0
412,0.19,0.69,0.12,0.7224047120490252,1621.7991009323614,1.0
413,0.19,0.68,0.13,0.7331209457715034,1620.7218013919219,1.0
414,0.19,0.67,0.14,0.7441505353415061,1619.6488154314845,1.0
415,0.19,0.66,0.15,0.7555074290570081,1618.5801906139916,1.0
416,0.19,0.65,0.16,0.7672064155182137,1617.5159817845695,1.0
417,0.19,0.64,0.17,0.7792631878742085,1616.4562517751804,1.0
418,0.19,0.63,0.18,0.7916944140556418,1615.401071980955,1.0
419,0.19,0.62,0.19,0.8045178136543956,1614.3505225815068,1.0
420,0.19,0.61,0.2,0.8177522421959339,1613.3046919509568,1.0
421,0.19,0.6,0.21,0.8314177836471929,1612.2636743296991,1.0
422,0.19,0.59,0.22,0.8455358521145208,1611.2275638399512,1.0
423,0.19,0.58,0.23,0.8601293038147244,1610.1964407138748,1.0
424,0.19,0.57,0.24,0.8752225605506699,1609.170340401812,1.0
425,0.19,0.56,0.25,0.8908417460945047,1608.1491830097318,1.0
426,0.19,0.55,0.26,0.9070148370806181,1607.13260353276,1.0
427,0.19,0.54,0.27,0.9237718302418054,1606.1195057018624,1.0
428,0.19,0.53,0.28,0.9411449280917625,1605.1067150247738,1.0
429,0.19,0.52,0.29,0.9591687454721155,1604.0838857685217,1.0
430,0.19,0.51,0.3,0.9778805397514193,1603.0042128363475,1.0
431,0.19,0.5,0.31,0.997320467897426,1601.1793511496512,1.0
432,0.19,0.49,0.32,1.017531874155271,1577.8615235637205,1.0
433,0.19,0.48,0.33,1.0385616126687514,1548.7917865266143,1.0
434,0.19,0.47,0.34,1.0604604100988066,1519.7132616519575,1.0
435,0.19,0.46,0.35,1.0832832741463871,1490.669504346734,1.0
436,0.19,0.45,0.36,1.1070899549054527,1461.670720703758,1.0
437,0.19,0.44,0.37,1.1319454671923297,1432.722929728152,1.0
438,0.19,0.43,0.38,1.1579206834655582,1403.8313596800847,1.0
439,0.19,0.42,0.39,1.1850930087226912,1375.001313943005,1.0
440,0.19,0.41,0.4,1.2135471509090663,1346.2384696137979,1.0
441,0.19,0.4,0.41,1.2433760029892549,1317.549028868242,1.0
442,0.19,0.39,0.42,1.2746816560303211,1288.9397807580453,1.0
443,0.19,0.38,0.43,1.307576566575123,1260.418162068144,0.0
444,0.19,0.37,0.44,1.3421849064339493,1231.9922772959349,0.0
445,0.19,0.3,0.51,1.646171894080214,1036.5069989419403,0.0
446,0.19,0.2,0.61,2.425472761272609,795.3390733771133,0.0
447,0.19,0.1,0.71,4.572378738760882,683.6796359653117,0.0
448,0.19,0.0,0.81,37.46453584457192,515.8693799130397,0.0
449,0.2,0.8,0.0,0.6544999999999999,1692.5414057307282,1.0
450,0.2,0.79,0.01,0.6629072009893047,1691.3407947617582,1.0
451,0.2,0.78,0.02,0.6715262253940141,1690.1446510430903,1.0
452,0.2,0.77,0.03,0.6803651808389419,1688.9529793877557,1.0
453,0.2,0.76,0.04,0.6894325940594963,1687.765786750969,1.0
454,0.2,0.75,0.05,0.6987374383378027,1686.5830823024476,1.0
455,0.2,0.74,0.06,0.708289163122674,1685.4048774684375,1.0
456,0.2,0.73,0.07,0.7180977260389496,1684.2311859454119,1.0
457,0.2,0.72,0.08,0.7281736275141407,1683.0620236027617,1.0
458,0.2,0.71,0.09,0.738527948275503,1681.8974082960078,1.0
459,0.2,0.7,0.1,0.7491723899990407,1680.7373607479785,1.0
460,0.2,0.69,0.11,0.7601193194239274,1679.5818989746358,1.0
461,0.2,0.68,0.12,0.7713818162819908,1678.4310440535855,1.0
462,0.2,0.67,0.13,0.7829737254328126,1677.284813707079,1.0
463,0.2,0.66,0.14,0.7949097136413503,1676.1432201044265,1.0
464,0.2,0.65,0.15,0.8072053314876737,1675.0062645006585,1.0
465,0.2,0.64,0.16,0.8198770809582826,1673.873928331403,1.0
466,0.2,0.63,0.17,0.8329424893367746,1672.74615817378,1.0
467,0.2,0.62,0.18,0.8464201900896031,1671.6228397344983,1.0
468,0.2,0.61,0.19,0.860330011531885,1670.5037514016394,1.0
469,0.2,0.6,0.2,0.8746930741605389,1669.3884777952708,1.0
470,0.2,0.59,0.21,0.8895318976595881,1668.2762400773477,1.0
471,0.2,0.58,0.22,0.9048705187178366,1667.1655387385335,1.0
472,0.2,0.57,0.23,0.9207346209553927,1666.0533287765304,1.0
473,0.2,0.56,0.24,0.9371516784362469,1664.9328537266074,1.0
474,0.2,0.55,0.25,0.954151114453745,1663.7867701682885,1.0
475,0.2,0.54,0.26,0.9717644775194587,1662.557297058615,1.0
476,0.2,0.53,0.27,0.9900256367699724,1660.8944845320113,1.0
477,0.2,0.52,0.28,1.0089709993379834,1648.7692387191032,1.0
478,0.2,0.51,0.29,1.0286397526230477,1620.186515428313,1.0
479,0.2,0.5,0.3,1.0490741348543284,1591.1583366363623,1.0
480,0.2,0.49,0.31,1.0703197378764069,1562.1228957543806,1.0
481,0.2,0.48,0.32,1.0924258467260903,1533.117035937645,1.0
482,0.2,0.47,0.33,1.115445821323497,1504.1522569573622,1.0
483,0.2,0.46,0.34,1.1394375264995427,1475.2350133495681,1.0
484,0.2,0.45,0.35,1.1644638176552022,1446.3704156284268,1.0
485,0.2,0.44,0.36,1.1905930906340474,1417.5633168446354,1.0
486,0.2,0.43,0.37,1.2178999059364797,1388.8187424213538,1.0
487,0.2,0.42,0.38,1.2464656992719714,1360.1420921744314,1.0
488,0.2,0.41,0.39,1.2763795927101824,1331.5392571859604,1.0
489,0.2,0.4,0.4,1.3077393234489152,1303.0166867186729,1.0
490,0.2,0.39,0.41,1.3406523105884969,1274.5814383047566,1.0
491,0.2,0.38,0.42,1.3752368844443563,1246.2412040854128,0.0
492,0.2,0.37,0.43,1.4116237080431167,1218.0043297487719,0.0
493,0.2,0.3,0.5,1.7312679061699376,1024.0703072519245,0.0
494,0.2,0.2,0.6,2.551000178951299,793.1286877259637,0.0
495,0.2,0.1,0.7,4.811470824937206,687.2146916101188,0.0
496,0.2,0.0,0.8,39.84816578529738,522.8016724559096,0.0
497,0.21,0.79,0.0,0.6959240506329112,1748.9071833848534,1.0
498,0.21,0.78,0.01,0.7049609755062537,1747.636939035901,1.0
499,0.21,0.77,0.02,0.7142285456935074,1746.371381328859,1.0
500,0.21,0.76,0.03,0.723735705315841,1745.1104951796724,1.0
501,0.21,0.75,0.04,0.7334918670054723,1743.854261284648,1.0
502,0.21,0.74,0.05,0.7435069429896652,1742.602655286816,1.0
503,0.21,0.73,0.06,0.753791378682783,1741.355645444316,1.0
504,0.21,0.72,0.07,0.7643561890257,1740.1131893449628,1.0
505,0.21,0.71,0.08,0.7752129978383484,1738.87522922277,1.0
506,0.21,0.7,0.09,0.786374080480955,1737.6416851904326,1.0
507,0.21,0.69,0.1,0.79785241015314,1736.4124453044647,1.0
508,0.21,0.68,0.11,0.8096617081980058,1735.1873507102505,1.0
509,0.21,0.67,0.12,0.8218164988213129,1733.966172947474,1.0
510,0.21,0.66,0.13,0.8343321686845394,1732.7485783996287,1.0
511,0.21,0.65,0.14,0.8472250318859318,1731.53407091531,1.0
512,0.21,0.64,0.15,0.8605124009065775,1730.3218958860919,1.0
513,0.21,0.63,0.16,0.8742126641702521,1729.110872895172,1.0
514,0.21,0.62,0.17,0.8883453709477077,1727.8990881197433,1.0
515,0.21,0.61,0.18,0.9029313244297962,1726.683290876169,1.0
516,0.21,0.6,0.19,0.9179926839013037,1725.4576063849381,1.0
517,0.21,0.59,0.2,0.9335530770708815,1724.210467428189,1.0
518,0.21,0.58,0.21,0.9496377237546753,1722.9160486082608,1.0
519,0.21,0.57,0.22,0.9662735722754318,1721.5039572960827,1.0
520,0.21,0.56,0.23,0.9834894501287739,1719.695652099848,1.0
521,0.21,0.55,0.24,1.0013162306885832,1714.7161142314442,1.0
522,0.21,0.54,0.25,1.019787017979478,1691.088668206954,1.0
523,0.21,0.53,0.26,1.0389373518428169,1662.3446232842257,1.0
524,0.21,0.52,0.27,1.058805436171444,1633.3704748068374,1.0
525,0.21,0.51,0.28,1.0794323932970964,1604.3796783188657,1.0
526,0.21,0.5,0.29,1.1008625480947576,1575.4111621204904,1.0
527,0.21,0.49,0.3,1.1231437459344138,1546.4789047398463,1.0
528,0.21,0.48,0.31,1.1463277092800892,1517.5904303014645,1.0
529,0.21,0.47,0.32,1.170470438530021,1488.7511291663375,1.0
530,0.21,0.46,0.33,1.195632663636705,1459.9657036641709,1.0
531,0.21,0.45,0.34,1.221880354173836,1431.2387596198757,1.0
532,0.21,0.44,0.35,1.2492852968693007,1402.575087102362,1.0
533,0.21,0.43,0.36,1.2779257512498636,1373.9798350942813,1.0
534,0.21,0.42,0.37,1.3078871960072063,1345.458605788284,1.0
535,0.21,0.41,0.38,1.3392631810763138,1317.017530636131,1.0
536,0.21,0.4,0.39,1.372156303316654,1288.6633108028404,1.0
537,0.21,0.39,0.4,1.4066793272325857,1260.403248104716,0.0
538,0.21,0.38,0.41,1.4429564765262046,1232.2452753429145,0.0
539,0.21,0.3,0.49,1.8164574834079046,1011.8102907232828,0.0
540,0.21,0.2,0.59,2.6767302270888207,791.5376528657885,0.0
541,0.21,0.1,0.69,5.051288543704201,690.652111132749,0.0
542,0.21,0.0,0.79,42.29214078781338,529.6069854267924,0.0
543,0.22,0.78,0.0,0.7384102564102566,1804.041010069822,1.0
544,0.22,0.77,0.01,0.748106815466281,1802.7013003267307,1.0
545,0.22,0.76,0.02,0.758054110254015,1801.3658544181255,1.0
546,0.22,0.75,0.03,0.7682619935293874,1800.0345134432648,1.0
547,0.22,0.74,0.04,0.7787408411235258,1798.7070780282725,1.0
548,0.22,0.73,0.05,0.7895015871217396,1797.383292795981,1.0
549,0.22,0.72,0.06,0.8005557619203247,1796.0628275583902,1.0
550,0.22,0.71,0.07,0.8119155334396551,1794.7452472141106,1.0
551,0.22,0.7,0.08,0.8235937518032348,1793.4299687849445,1.0
552,0.22,0.69,0.09,0.8356039978276091,1792.116196153535,1.0
553,0.22,0.68,0.1,0.8479606357078227,1790.8028185019882,1.0
554,0.22,0.67,0.11,0.8606788703281341,1789.4882468899898,1.0
555,0.22,0.66,0.12,0.8737748096787573,1788.170140656323,1.0
556,0.22,0.65,0.13,0.887265532917355,1786.84492698019,1.0
557,0.22,0.64,0.14,0.9011691646799757,1785.5069080335002,1.0
558,0.22,0.63,0.15,0.9155049563213062,1784.1464635191624,1.0
559,0.22,0.62,0.16,0.930293374849966,1782.7461108268526,1.0
560,0.22,0.61,0.17,0.9455562004228399,1781.2706163912603,1.0
561,0.22,0.6,0.18,0.9613166333751052,1779.6372774315473,1.0
562,0.22,0.59,0.19,0.9775994118921013,1777.597020994487,1.0
563,0.22,0.58,0.2,0.9944309415782904,1773.9499447813243,1.0
564,0.22,0.57,0.21,1.0118394383506777,1760.018559965545,1.0
565,0.22,0.56,0.22,1.0298550862831946,1733.0353814371433,1.0
566,0.22,0.55,0.23,1.048510212259471,1704.3400792191653,1.0
567,0.22,0.54,0.24,1.0678394795599155,1675.4325831462718,1.0
568,0.22,0.53,0.25,1.0878801028219853,1646.4912323126573,1.0
569,0.22,0.52,0.26,1.1086720871782594,1617.561723895244,1.0
570,0.22,0.51,0.27,1.1302584948055803,1588.6620107310453,1.0
571,0.22,0.5,0.28,1.1526857426223092,1559.8015116996976,1.0
572,0.22,0.49,0.29,1.176003935464546,1530.9864400151637,1.0
573,0.22,0.48,0.3,1.2002672397743193,1502.221714713392,1.0
574,0.22,0.47,0.31,1.2255343036656106,1473.5117938688693,1.0
575,0.22,0.46,0.32,1.2518687302252223,1444.8610875018207,1.0
576,0.22,0.45,0.33,1.2793396120891747,1416.2741861939007,1.0
577,0.22,0.44,0.34,1.3080221367538902,1387.7560070783331,1.0
578,0.22,0.43,0.35,1.3379982737879073,1359.3118874251145,1.0
579,0.22,0.42,0.36,1.3693575571707022,1330.9476544098356,1.0
580,0.22,0.41,0.37,1.4021979784840157,1302.6696723894215,1.0
581,0.22,0.4,0.38,1.4366270097238634,1274.4848820176626,1.0
582,0.22,0.39,0.39,1.4727627782229507,1246.400823524474,0.0
583,0.22,0.38,0.4,1.5107354207460768,1218.4256509030083,0.0
584,0.22,0.3,0.48,1.901740780194755,999.7229319716707,0.0
585,0.22,0.2,0.58,2.802663396720559,790.4021372462593,0.0
586,0.22,0.1,0.68,5.291835203470535,693.9955937373588,0.0
587,0.22,0.0,0.78,44.79878181603492,536.2826757904186,0.0
588,0.23,0.77,0.0,0.7820000000000001,1857.7323353028828,1.0
589,0.23,0.76,0.01,0.7923878191040901,1856.312483783692,1.0
590,0.23,0.75,0.02,0.8030478285475463,1854.894058711808,1.0
591,0.23,0.74,0.03,0.8139908685921595,1853.4761989104109,1.0
592,0.23,0.73,0.04,0.8252283628771094,1852.057787961494,1.0
593,0.23,0.72,0.05,0.8367723581977952,1850.6373462930062,1.0
594,0.23,0.71,0.06,0.8486355675845618,1849.2128751337661,1.0
595,0.23,0.7,0.07,0.8608314170051568,1847.7816108598133,1.0
596,0.23,0.69,0.08,0.8733740960516085,1846.3396278924986,1.0
597,0.23,0.68,0.09,0.8862786130138306,1844.8811677305864,1.0
598,0.23,0.67,0.1,0.8995608547893625,1843.3974460454065,1.0
599,0.23,0.66,0.11,0.9132376521320551,1841.8743934880158,1.0
600,0.23,0.65,0.12,0.9273268508031591,1840.2880230292142,1.0
601,0.23,0.64,0.13,0.9418473892572657,1838.5938971474754,1.0
602,0.23,0.63,0.14,0.9568193835742154,1836.6995987908072,1.0
603,0.23,0.62,0.15,0.9722642204379136,1834.3770585312109,1.0
604,0.23,0.61,0.16,0.9882046590658026,1830.8889741380722,1.0
605,0.23,0.6,0.17,1.004664943110621,1822.8403789156623,1.0
606,0.23,0.59,0.18,1.0216709236915757,1802.1894927530516,1.0
607,0.23,0.58,0.19,1.0392501948680646,1774.7466533207166,1.0
608,0.23,0.57,0.2,1.057432243049209,1746.165599040858,1.0
609,0.23,0.56,0.21,1.0762486120408261,1717.3430770170182,1.0
610,0.23,0.55,0.22,1.0957330856731575,1688.460492565786,1.0
611,0.23,0.54,0.23,1.1159218902336496,1659.5747168467512,1.0
612,0.23,0.53,0.24,1.1368539192566323,1630.7096647000005,1.0
613,0.23,0.52,0.25,1.1585709836045475,1601.8777840667917,1.0
614,0.23,0.51,0.26,1.1811180902240483,1573.086815798894,1.0
615,0.23,0.5,0.27,1.204543753487613,1544.3423791695145,1.0
616,0.23,0.49,0.28,1.2289003436529464,1515.6491352142477,1.0
617,0.23,0.48,0.29,1.2542444777074984,1487.0113762389972,1.0
618,0.23,0.47,0.3,1.2806374587373592,1458.4333534929128,1.0
619,0.23,0.46,0.31,1.30814577099753,1429.919482370943,1.0
620,0.23,0.45,0.32,1.336841639099943,1401.4744653881623,1.0
621,0.23,0.44,0.33,1.366803661220996,1373.103393909496,1.0
622,0.23,0.43,0.34,1.3981175280174174,1344.811810448624,1.0
623,0.23,0.42,0.35,1.4308768410974704,1316.6057680808542,1.0
624,0.23,0.41,0.36,1.465184047511638,1288.4918613122122,1.0
625,0.23,0.4,0.37,1.501151509913961,1260.477256996188,0.0
626,0.23,0.39,0.38,1.538902735943532,1232.5697193764627,0.0
627,0.23,0.3,0.47,1.9871179512710377,987.8066556005195,0.0
628,0.23,0.2,0.57,2.9288001804697483,789.6068361557092,0.0
629,0.23,0.1,0.67,5.533114132787718,697.2487181258422,0.0
630,0.23,0.0,0.77,47.37053040343103,542.8265176017508,0.0
631,0.24,0.76,0.0,0.826736842105263,1909.5877921655012,1.0
632,0.24,0.75,0.01,0.83784938270756,1908.0458611183,1.0
633,0.24,0.74,0.02,0.8492570364736056,1906.4935015378783,1.0
634,0.24,0.73,0.03,0.8609717174808743,1904.9264650087118,1.0
635,0.24,0.72,0.04,0.8730059898691803,1903.338889772126,1.0
636,0.24,0.71,0.05,0.8853731127901342,1901.7224465909107,1.0
637,0.24,0.7,0.06,0.8980870891386092,1900.0649053027441,1.0
638,0.24,0.69,0.07,0.9111627184427561,1898.3475452987716,1.0
639,0.24,0.68,0.08,0.924615654332551,1896.5401980292215,1.0
640,0.24,0.67,0.09,0.9384624670560627,1894.590954979302,1.0
641,0.24,0.66,0.1,0.952720711568374,1892.4024084023897,1.0
642,0.24,0.65,0.11,0.9674090017814321,1889.7688028793239,1.0
643,0.24,0.64,0.12,0.982547091635165,1886.1776510724658,1.0
644,0.24,0.63,0.13,0.9981559637323288,1880.0608950207836,1.0
645,0.24,0.62,0.14,1.0142579263733922,1866.790484536328,1.0
646,0.24,0.61,0.15,1.0308767199351134,1843.586332141988,1.0
647,0.24,0.6,0.16,1.048037633659621,1816.2128925079342,1.0
648,0.24,0.59,0.17,1.0657676340622964,1787.803306741881,1.0
649,0.24,0.58,0.18,1.0840955063297526,1759.0929975463048,1.0
650,0.24,0.57,0.19,1.1030520102673342,1730.2847282587793,1.0
651,0.24,0.56,0.2,1.1226700525732403,1701.4516443142386,1.0
652,0.24,0.55,0.21,1.1429848774688594,1672.626287743238,1.0
653,0.24,0.54,0.22,1.1640342780084372,1643.8257002891366,1.0
654,0.24,0.53,0.23,1.185858830733433,1615.0601109614383,1.0
655,0.24,0.52,0.24,1.2085021567368501,1586.336475776917,1.0
656,0.24,0.51,0.25,1.232011212671659,1557.6601077529888,1.0
657,0.24,0.5,0.26,1.2564366157884088,1529.0355172130146,1.0
658,0.24,0.49,0.27,1.281833007736733,1500.4668771222582,1.0
659,0.24,0.48,0.28,1.30825946263359,1471.9583102474598,1.0
660,0.24,0.47,0.29,1.3357799458123285,1443.5140700518923,1.0
661,0.24,0.46,0.3,1.3644638307512742,1415.13867336616,1.0
662,0.24,0.45,0.31,1.3943864829758965,1386.8369772302087,1.0
663,0.24,0.44,0.32,1.4256299212813213,1358.6142638715924,1.0
664,0.24,0.43,0.33,1.4582835684899762,1330.476287545667,1.0
665,0.24,0.42,0.34,1.4924451062154167,1302.429317180599,1.0
666,0.24,0.41,0.35,1.5282214508395326,1274.4801709453754,1.0
667,0.24,0.4,0.36,1.5657298712426273,1246.636238685086,0.0
668,0.24,0.39,0.37,1.605099272902111,1218.9054961483075,0.0
669,0.24,0.3,0.46,2.072589151718144,976.0633637350354,0.0
670,0.24,0.2,0.56,3.0551410725539037,789.0700077794351,0.0
671,0.24,0.1,0.66,5.77512868050363,700.4149401201048,0.0
672,0.24,0.0,0.76,50.00995658523232,549.2367115726448,0.0
673,0.25,0.75,0.0,0.8726666666666668,1958.854025629784,1.0
674,0.25,0.74,0.01,0.8845393558560499,1957.053054430228,1.0
675,0.25,0.73,0.02,0.8967316624757213,1955.192990547378,1.0
676,0.25,0.72,0.03,0.9092566689568524,1953.2509924895928,1.0
677,0.25,0.71,0.04,0.9221281815853801,1951.1921140231782,1.0
678,0.25,0.7,0.05,0.9353607812681065,1948.960090557382,1.0
679,0.25,0.69,0.06,0.9489698786320304,1946.4583317759104,1.0
680,0.25,0.68,0.07,0.9629717738946542,1943.506884222963,1.0
681,0.25,0.67,0.08,0.9773837219942981,1939.7337617536762,1.0
682,0.25,0.66,0.09,0.992224003527564,1934.272073943285,1.0
683,0.25,0.65,0.1,1.007512002107154,1924.9851730594614,1.0
684,0.25,0.64,0.11,1.0232682888283442,1908.331961729864,1.0
685,0.25,0.63,0.12,1.0395147146180954,1884.4782591372384,1.0
686,0.25,0.62,0.13,1.0562745113385794,1857.3924095121613,1.0
687,0.25,0.61,0.14,1.0735724026288773,1829.2226650219889,1.0
688,0.25,0.6,0.15,1.0914347255970005,1800.6640536082268,1.0
689,0.25,0.59,0.16,1.1098895646219562,1771.9541223327215,1.0
690,0.25,0.58,0.17,1.1289668986955204,1743.188493044302,1.0
691,0.25,0.57,0.18,1.1486987639296344,1714.4119175778217,1.0
692,0.25,0.56,0.19,1.1691194330823111,1685.6481497264635,1.0
693,0.25,0.55,0.2,1.1902656142183061,1656.911227903902,1.0
694,0.25,0.54,0.21,1.2121766709269708,1628.2103085488454,1.0
695,0.25,0.53,0.22,1.2348948668766475,1599.55194516667,1.0
696,0.25,0.52,0.23,1.2584656379021972,1570.9412942928095,1.0
697,0.25,0.51,0.24,1.2829378953112487,1542.3827780266092,1.0
698,0.25,0.5,0.25,1.3083643646696295,1513.8804867663398,1.0
699,0.25,0.49,0.26,1.3348019650040888,1485.438437192699,1.0
700,0.25,0.48,0.27,1.3623122341618963,1457.0607443522738,1.0
701,0.25,0.47,0.28,1.390961807017657,1428.7517481591085,1.0
702,0.25,0.46,0.29,1.4208229543494275,1400.516098052266,1.0
703,0.25,0.45,0.3,1.4519741915579605,1372.3588307305563,1.0
704,0.25,0.44,0.31,1.4845009680232435,1344.2854216231112,1.0
705,0.25,0.43,0.32,1.5184964498421052,1316.3018367245488,1.0
706,0.25,0.42,0.33,1.5540624110455215,1288.4145600241577,1.0
707,0.25,0.41,0.34,1.5913102512502677,1260.6306245307198,0.0
708,0.25,0.4,0.35,1.6303621611780386,1232.9576342357936,0.0
709,0.25,0.3,0.45,2.1581545369592514,964.5015064346321,0.0
710,0.25,0.2,0.55,3.1816865687912728,789.1931640335018,0.0
711,0.25,0.1,0.65,6.017882215917466,703.4975900914309,0.0
712,0.25,0.0,0.75,52.71976746521497,555.5119118056555,0.0
713,0.26,0.74,0.0,0.9198378378378379,2003.958730182288,1.0
714,0.26,0.73,0.01,0.9325082094150561,2001.4318454812621,1.0
715,0.26,0.72,0.02,0.9455244074944973,1998.6172502969227,1.0
716,0.26,0.71,0.03,0.9589007865112611,1995.3628635309544,1.0
717,0.26,0.7,0.04,0.9726525064708038,1991.395066371134,1.0
718,0.26,0.69,0.05,0.986795590263787,1986.1843574029222,1.0
719,0.26,0.68,0.06,1.0013469859449786,1978.6539579146897,1.0
720,0.26,0.67,0.07,1.0163246344851469,1966.8045922840424,1.0
721,0.26,0.66,0.08,1.0317475435654078,1948.601425394982,1.0
722,0.26,0.65,0.09,1.04763586805222,1924.8549880954192,1.0
723,0.26,0.64,0.1,1.0640109978694514,1898.2205316199393,1.0
724,0.26,0.63,0.11,1.0808956540730863,1870.3775212728824,1.0
725,0.26,0.62,0.12,1.0983139940360152,1842.0260738808915,1.0
726,0.26,0.61,0.13,1.1162917267669006,1813.4498438586559,1.0
727,0.26,0.6,0.14,1.1348562395208122,1784.7743281018988,1.0
728,0.26,0.59,0.15,1.1540367370129805,1756.0611634784836,1.0
729,0.26,0.58,0.16,1.1738643947239806,1727.3436957127221,1.0
730,0.26,0.57,0.17,1.1943725279890034,1698.6415691058767,1.0
731,0.26,0.56,0.18,1.2155967788002557,1669.9673052687403,1.0
732,0.26,0.55,0.19,1.2375753225257917,1641.3294989044987,1.0
733,0.26,0.54,0.2,1.2603490970669282,1612.734513653968,1.0
734,0.26,0.53,0.21,1.283962057348179,1584.1874365994765,1.0
735,0.26,0.52,0.22,1.3084614584681704,1555.692647808409,1.0
736,0.26,0.51,0.23,1.3338981713494051,1527.254184252041,1.0
737,0.26,0.5,0.24,1.3603270353234764,1498.8759767536076,1.0
738,0.26,0.49,0.25,1.387807252794346,1470.5620223055594,1.0
739,0.26,0.48,0.26,1.4164028319571587,1442.316500493989,1.0
740,0.26,0.47,0.27,1.4461830845406642,1414.1438740740514,1.0
741,0.26,0.46,0.28,1.477223186720411,1386.0489490747834,1.0
742,0.26,0.45,0.29,1.5096048127583588,1358.0369449795999,1.0
743,0.26,0.44,0.3,1.543416852612961,1330.1135370577938,1.0
744,0.26,0.43,0.31,1.5787562267954307,1302.2848955636412,1.0
745,0.26,0.42,0.32,1.6157288142020272,1274.5577177412702,1.0
746,0.26,0.41,0.33,1.654450511628828,1246.9392499874095,0.0
747,0.26,0.4,0.34,1.6950484473011005,1219.437302590514,0.0
748,0.26,0.3,0.44,2.243814262760257,953.1405201832291,0.0
749,0.26,0.2,0.54,3.30843716660732,790.6306803981436,0.0
750,0.26,0.1,0.64,6.261378128936093,706.4998685342963,0.0
751,0.26,0.0,0.74,55.50281647708904,561.6512342602207,0.0
752,0.27,0.73,0.0,0.9683013698630137,2041.026417117847,1.0
753,0.27,0.72,0.01,0.9818092175271312,2035.9204896306244,1.0
754,0.27,0.71,0.02,0.9956909401207098,2029.2498145114853,1.0
755,0.27,0.7,0.03,1.009962277836513,2019.9687875238603,1.0
756,0.27,0.69,0.04,1.0246398669957757,2006.55796156582,1.0
757,0.27,0.68,0.05,1.0397413047425466,1987.889620240184,1.0
758,0.27,0.67,0.06,1.0552852194247249,1964.636047872049,1.0
759,0.27,0.66,0.07,1.0712913472536363,1938.6099973528487,1.0
760,0.27,0.65,0.08,1.0877806159054624,1911.2028572888428,1.0
761,0.27,0.64,0.09,1.1047752358091336,1883.1339212652483,1.0
762,0.27,0.63,0.1,1.1222987999580203,1854.7415608646265,1.0
763,0.27,0.62,0.11,1.1403763931886286,1826.189384335217,1.0
764,0.27,0.61,0.12,1.1590347119907245,1797.5617863353154,1.0
765,0.27,0.6,0.13,1.178302196052297,1768.9054994717399,1.0
766,0.27,0.59,0.14,1.1982091729025663,1740.2482164025084,1.0
767,0.27,0.58,0.15,1.2187880172002343,1711.6074081891913,1.0
768,0.27,0.57,0.16,1.2400733264266903,1682.9947801146777,1.0
769,0.27,0.56,0.17,1.2621021149896854,1654.4186537286696,1.0
770,0.27,0.55,0.18,1.2849140290282235,1625.8853288330681,1.0
771,0.27,0.54,0.19,1.3085515845410336,1597.399880779692,1.0
772,0.27,0.53,0.2,1.3330604318476302,1568.9666897915008,1.0
773,0.27,0.52,0.21,1.3584896498429726,1540.5897595833985,1.0
774,0.27,0.51,0.22,1.384892074036539,1512.2729592875123,1.0
775,0.27,0.5,0.23,1.4123246629895025,1484.020183739997,1.0
776,0.27,0.49,0.24,1.4408489084980747,1455.835475181305,1.0
777,0.27,0.48,0.25,1.470531295739651,1427.7231182401397,1.0
778,0.27,0.47,0.26,1.5014438206289606,1399.687717709189,1.0
779,0.27,0.46,0.27,1.5336645728582106,1371.7342472431749,1.0
780,0.27,0.45,0.28,1.5672783945607454,1343.868112574793,1.0
781,0.27,0.44,0.29,1.602377626294639,1316.0951904836293,1.0
782,0.27,0.43,0.3,1.6390629541568507,1288.4218565752753,1.0
783,0.27,0.42,0.31,1.677444374392626,1260.8550158399912,0.0
784,0.27,0.41,0.32,1.7176422949628298,1233.402122974484,0.0
785,0.27,0.3,0.43,2.3295684852307343,942.0179719285189,0.0
786,0.27,0.2,0.53,3.435393365041244,792.0421821929522,0.0
787,0.27,0.1,0.63,6.50561983023183,709.4248537687218,0.0
788,0.27,0.0,0.73,58.36211340709664,567.6542355379205,0.0
789,0.28,0.72,0.0,1.0181111111111116,2058.926483732555,1.0
790,0.28,0.71,0.01,1.0324986549786421,2044.766980865357,1.0
791,0.28,0.7,0.02,1.0472901084677175,2026.2282269075145,1.0
792,0.28,0.69,0.03,1.0625027224991552,2003.7112200290046,1.0
793,0.28,0.68,0.04,1.078154744560583,1978.4515504840592,1.0
794,0.28,0.67,0.05,1.0942654917242,1951.6120370948781,1.0
795,0.28,0.66,0.06,1.1108554301799538,1923.924142891391,1.0
796,0.28,0.65,0.07,1.1279462619726721,1895.7844399427709,1.0
797,0.28,0.64,0.08,1.1455610197160642,1867.402647020432,1.0
798,0.28,0.63,0.09,1.1637241701527918,1838.8928030952964,1.0
799,0.28,0.62,0.1,1.1824617275397682,1810.3198773762126,1.0
800,0.28,0.61,0.11,1.2018013779636543,1781.7228259485696,1.0
801,0.28,0.6,0.12,1.2217726158359206,1753.1262113409816,1.0
802,0.28,0.59,0.13,1.242406893982715,1724.5462940599532,1.0
803,0.28,0.58,0.14,1.2637377889359087,1695.9943563610798,1.0
804,0.28,0.57,0.15,1.2858011832523437,1667.4786236218986,1.0
805,0.28,0.56,0.16,1.308635466943647,1639.0054110539188,1.0
806,0.28,0.55,0.17,1.3322817603951735,1610.5798398473466,1.0
807,0.28,0.54,0.18,1.3567841614971068,1582.206312927815,1.0
808,0.28,0.53,0.19,1.3821900201123705,1553.8888314032715,1.0
809,0.28,0.52,0.2,1.4085502434754906,1525.6312210972785,1.0
810,0.28,0.51,0.21,1.4359196366669573,1497.4372918482288,1.0
811,0.28,0.5,0.22,1.4643572829546894,1469.3109707788344,1.0
812,0.28,0.49,0.23,1.4939269695571726,1441.2563810512745,1.0
813,0.28,0.48,0.24,1.5246976652852804,1413.2779371154236,1.0
814,0.28,0.47,0.25,1.5567440575905538,1385.3803923256312,1.0
815,0.28,0.46,0.26,1.5901471578224977,1357.5689010634708,1.0
816,0.28,0.45,0.27,1.6249949850203425,1329.8490588121092,1.0
817,0.28,0.44,0.28,1.661383340390563,1302.2269391226214,1.0
818,0.28,0.43,0.29,1.6994166868186986,1274.7091238537425,1.0
819,0.28,0.42,0.3,1.7392091504186429,1247.3027251890305,0.0
820,0.28,0.41,0.31,1.7808856643427269,1220.015401217774,0.0
821,0.28,0.3,0.42,2.4154173608248732,931.1997170183641,0.0
822,0.28,0.2,0.52,3.5625556647525336,793.4285226619568,0.0
823,0.28,0.1,0.62,6.750610751401721,712.2754990437417,0.0
824,0.28,0.0,0.72,61.30083525182669,573.5209137553654,0.0
825,0.29,0.71,0.0,1.0693239436619717,2041.9577756463982,1.0
826,0.29,0.7,0.01,1.0846360114795885,2017.6173822232895,1.0
827,0.29,0.69,0.02,1.100384170458511,1991.4956522371288,1.0
828,0.29,0.68,0.03,1.1165873196865341,1964.3119221428638,1.0
829,0.29,0.67,0.04,1.1332654663098145,1936.5158389341696,1.0
830,0.29,0.66,0.05,1.150439807948055,1908.36893947643,1.0
831,0.29,0.65,0.06,1.1681328225766223,1880.022131101719,1.0
832,0.29,0.64,0.07,1.1863683666769618,1851.5644286141967,1.0
833,0.29,0.63,0.08,1.2051717825564963,1823.0501678072148,1.0
834,0.29,0.62,0.09,1.2245700158532264,1794.5138246262613,1.0
835,0.29,0.61,0.1,1.2445917443707886,1765.9781383186823,1.0
836,0.29,0.6,0.11,1.2652675195394016,1737.4586998085945,1.0
837,0.29,0.59,0.12,1.28662992197027,1708.9666179365536,1.0
838,0.29,0.58,0.13,1.3087137327691927,1680.5101406905999,1.0
839,0.29,0.57,0.14,1.3315561225040489,1652.0956627978328,1.0
840,0.29,0.56,0.15,1.3551968599856723,1623.7283935474525,1.0
841,0.29,0.55,0.16,1.3796785433289265,1595.4127872242982,1.0
842,0.29,0.54,0.17,1.4050468561181202,1567.1528641387238,1.0
843,0.29,0.53,0.18,1.431350851917588,1538.9524265885698,1.0
844,0.29,0.52,0.19,1.4586432708553618,1510.8152228131612,1.0
845,0.29,0.51,0.2,1.4869808925789358,1482.745073119373,1.0
846,0.29,0.5,0.21,1.516424930553528,1454.7459665738845,1.0
847,0.29,0.49,0.22,1.5470414734649507,1426.8221409669454,1.0
848,0.29,0.48,0.23,1.5789019804256819,1398.97815006473,1.0
849,0.29,0.47,0.24,1.6120838377939593,1371.2189102633504,1.0
850,0.29,0.46,0.25,1.64667098673875,1343.5497557032202,1.0
851,0.29,0.45,0.26,1.6827546322640696,1315.9764761135143,1.0
852,0.29,0.44,0.27,1.7204340463012828,1288.5053440451413,1.0
853,0.29,0.43,0.28,1.759817479758914,1261.1431443482957,0.0
854,0.29,0.42,0.29,1.801023201175224,1233.8971935705217,0.0
855,0.29,0.3,0.41,2.5013610463424336,920.7914398428278,0.0
856,0.29,0.2,0.51,3.6899245680275325,794.790519217264,0.0
857,0.29,0.1,0.61,6.996354345128225,715.0546375966281,0.0
858,0.29,0.0,0.71,64.32233799359138,579.2516826546745,0.0
859,0.3,0.7,0.0,1.1219999999999999,2004.1893620073515,1.0
860,0.3,0.69,0.01,1.1382842245718716,1976.8522012616218,1.0
861,0.3,0.68,0.02,1.1550390444220822,1949.0257113088853,1.0
862,0.3,0.67,0.03,1.1722851581229048,1920.9037660398967,1.0
863,0.3,0.66,0.04,1.190044496177648,1892.605716360455,1.0
864,0.3,0.65,0.05,1.208340314057088,1864.2062613230664,1.0
865,0.3,0.64,0.06,1.2271972937966211,1835.753380745552,1.0
866,0.3,0.63,0.07,1.2466416550874526,1807.2788257972488,1.0
867,0.3,0.62,0.08,1.2667012769132717,1778.804268957974,1.0
868,0.3,0.61,0.09,1.287405830919051,1750.3449733699065,1.0
869,0.3,0.6,0.1,1.308786927853749,1721.9120436807295,1.0
870,0.3,0.59,0.11,1.3308782786069506,1693.5138363286383,1.0
871,0.3,0.58,0.12,1.3537158715648814,1665.156882749967,1.0
872,0.3,0.57,0.13,1.3773381682483752,1636.8465089381966,1.0
873,0.3,0.56,0.14,1.4017863194698215,1608.5872542328095,1.0
874,0.3,0.55,0.15,1.4271044045645331,1580.3831790222869,1.0
875,0.3,0.54,0.16,1.4533396966222545,1552.2380824050929,1.0
876,0.3,0.53,0.17,1.4805429570763562,1524.155669140273,1.0
877,0.3,0.52,0.18,1.5087687635130413,1496.1396747449833,1.0
878,0.3,0.51,0.19,1.5380758751547896,1468.1939679704117,1.0
879,0.3,0.5,0.2,1.5685276411680988,1440.3226312724662,1.0
880,0.3,0.49,0.21,1.6001924577662245,1412.5300290752016,1.0
881,0.3,0.48,0.22,1.6331442810483192,1384.8208665563795,1.0
882,0.3,0.47,0.23,1.6674632036683046,1357.2002298962066,1.0
883,0.3,0.46,0.24,1.7032361047983724,1329.6736388640813,1.0
884,0.3,0.45,0.25,1.7405573844906774,1302.247075066595,1.0
885,0.3,0.44,0.26,1.7795297955057647,1274.9270121956897,1.0
886,0.3,0.43,0.27,1.820265388041205,1247.720437945395,0.0
887,0.3,0.42,0.28,1.8628865856515266,1220.6348713657267,0.0
888,0.3,0.3,0.4,2.5873996989297012,910.9446626214063,0.0
889,0.3,0.2,0.5,3.8175005787860803,796.1289487698809,0.0
890,0.3,0.1,0.6,7.242854085341435,717.7649848006173,0.0
891,0.3,0.0,0.7,67.43016938512076,584.8473572089835,0.0
892,0.31,0.69,0.0,1.1762028985507247,1961.4746770133095,1.0
893,0.31,0.68,0.01,1.1935099330831669,1933.3965334319578,1.0
894,0.31,0.67,0.02,1.2113245821199166,1905.1560960488664,1.0
895,0.31,0.66,0.03,1.229669510504473,1876.8191887657365,1.0
896,0.31,0.65,0.04,1.2485687527708695,1848.4297816193653,1.0
897,0.31,0.64,0.05,1.2680478181979278,1820.0179373566705,1.0
898,0.31,0.63,0.06,1.288133805683234,1791.6047400064285,1.0
899,0.31,0.62,0.07,1.3088555295246722,1763.2053601310229,1.0
900,0.31,0.61,0.08,1.3302436573372196,1734.8310161745092,1.0
901,0.31,0.6,0.09,1.3523308614932907,1706.490244980717,1.0
902,0.31,0.59,0.1,1.3751519856593883,1678.189762342325,1.0
903,0.31,0.58,0.11,1.3987442282144091,1649.935041497539,1.0
904,0.31,0.57,0.12,1.423147344580414,1621.7307365414833,1.0
905,0.31,0.56,0.13,1.44840387078073,1593.5809674085135,1.0
906,0.31,0.55,0.14,1.4745593708698563,1565.489552532131,1.0
907,0.31,0.54,0.15,1.501662711262953,1537.4601711831415,1.0
908,0.31,0.53,0.16,1.5297663654396896,1509.49649368213,1.0
909,0.31,0.52,0.17,1.558926753019867,1481.6022862295995,1.0
910,0.31,0.51,0.18,1.5892046178209487,1453.781493546457,1.0
911,0.31,0.5,0.19,1.6206654502281532,1426.0383102857465,1.0
912,0.31,0.49,0.2,1.653379960057399,1398.3772412299206,1.0
913,0.31,0.48,0.21,1.6874246070965768,1370.8031471467505,1.0
914,0.31,0.47,0.22,1.7228821977034416,1343.321293412692,1.0
915,0.31,0.46,0.23,1.759842557258814,1315.9373873682975,1.0
916,0.31,0.45,0.24,1.7984032899708862,1288.6576042151416,1.0
917,0.31,0.44,0.25,1.8386706395615413,1261.48861790981,0.0
918,0.31,0.43,0.26,1.8807604668152182,1234.4376202475053,0.0
919,0.31,0.3,0.39,2.6735334760804434,901.8440299642497,0.0
920,0.31,0.2,0.49,3.9452842025881303,797.4445540850103,0.0
921,0.31,0.1,0.59,7.490113467382752,720.409139438822,0.0
922,0.31,0.0,0.69,70.62808284596989,590.3091031228678,0.0
923,0.32,0.68,0.0,1.2319999999999998,1917.674493556633,1.0
924,0.32,0.67,0.01,1.2503837532724276,1889.403494805029,1.0
925,0.32,0.66,0.02,1.269314866580323,1861.0793510289373,1.0
926,0.32,0.65,0.03,1.2888181550918163,1832.731105424386,1.0
927,0.32,0.64,0.04,1.3089199570218908,1804.3795749333315,1.0
928,0.32,0.63,0.05,1.3296482523006912,1776.0400063366965,1.0
929,0.32,0.62,0.06,1.3510327925127263,1747.7238249582294,1.0
930,0.32,0.61,0.07,1.373105243375956,1719.4398096563239,1.0
931,0.32,0.6,0.08,1.3958993411957097,1691.1948989817179,1.0
932,0.32,0.59,0.09,1.4194510649191627,1662.9947481483878,1.0
933,0.32,0.58,0.1,1.443798825635892,1634.844145733456,1.0
934,0.32,0.57,0.11,1.4689836756238241,1606.7473000842233,1.0
935,0.32,0.56,0.12,1.495049539333654,1578.7080681712123,1.0
936,0.32,0.55,0.13,1.522043469045626,1550.7301233123744,1.0
937,0.32,0.54,0.14,1.5500159283289736,1522.8170899301415,1.0
938,0.32,0.53,0.15,1.5790211068966067,1494.972648906938,1.0
939,0.32,0.52,0.16,1.6091172709881245,1467.2006254222833,1.0
940,0.32,0.51,0.17,1.6403671540480285,1439.5050616579686,1.0
941,0.32,0.5,0.18,1.6728383932111897,1411.8902785036287,1.0
942,0.32,0.49,0.19,1.70660401798656,1384.36092963941,1.0
943,0.32,0.48,0.2,1.7417429985698656,1356.9220419223504,1.0
944,0.32,0.47,0.21,1.778340862450051,1329.5790619633322,1.0
945,0.32,0.46,0.22,1.816490389443692,1302.3378852940443,1.0
946,0.32,0.45,0.23,1.8562923970475145,1275.204885404157,1.0
947,0.32,0.44,0.24,1.8978566301048578,1248.1869334707199,0.0
948,0.32,0.43,0.25,1.941302771316706,1221.2914202774675,0.0
949,0.32,0.3,0.38,2.7597625356368702,893.665456893125,0.0
950,0.32,0.2,0.48,4.073275946640444,798.7380474823399,0.0
951,0.32,0.1,0.58,7.7381360081701285,722.9895918746398,0.0
952,0.32,0.0,0.68,73.9200525850792,595.6384220192751,0.0
953,0.33,0.67,0.0,1.2894626865671641,1873.7018696650257,1.0
954,0.33,0.66,0.01,1.308980580073067,1845.418148072308,1.0
955,0.33,0.65,0.02,1.3290885374108459,1817.1286978358087,1.0
956,0.33,0.64,0.03,1.3498137274276618,1788.8489702267157,1.0
957,0.33,0.63,0.04,1.3711850129159762,1760.5906760735572,1.0
958,0.33,0.62,0.05,1.3932330847232903,1732.3628870046093,1.0
959,0.33,0.61,0.06,1.4159906088078391,1704.1727985448417,1.0
960,0.33,0.6,0.07,1.4394923877220738,1676.026283517213,1.0
961,0.33,0.59,0.08,1.4637755382028377,1647.9282883109202,1.0
962,0.33,0.58,0.09,1.4888796867741652,1619.883135697083,1.0
963,0.33,0.57,0.1,1.5148471855308727,1591.894739368751,1.0
964,0.33,0.56,0.11,1.5417233505745178,1563.9667883546208,1.0
965,0.33,0.55,0.12,1.5695567259254848,1536.1028791981137,1.0
966,0.33,0.54,0.13,1.598399376144451,1508.3066262046118,1.0
967,0.33,0.53,0.14,1.628307211374189,1480.581753079698,1.0
968,0.33,0.52,0.15,1.6593403490711185,1452.9321665013626,1.0
969,0.33,0.51,0.16,1.6915635173509045,1425.3620217894609,1.0
970,0.33,0.5,0.17,1.7250465056425397,1397.8757781498432,1.0
971,0.33,0.49,0.18,1.7598646692535604,1370.4782437500128,1.0
972,0.33,0.48,0.19,1.7960994955237157,1343.1746196384577,1.0
973,0.33,0.47,0.2,1.8338392405197557,1315.9705362200334,1.0
974,0.33,0.46,0.21,1.8731796467429114,1288.8720811460757,1.0
975,0.33,0.45,0.22,1.9142247541356177,1261.8858197983948,0.0
976,0.33,0.44,0.23,1.9570878188508276,1235.0188275872763,0.0
977,0.33,0.3,0.37,2.8460870357906036,886.5188106277078,0.0
978,0.33,0.2,0.47,4.201476319803295,800.0101060589282,0.0
979,0.33,0.1,0.57,7.986925246364785,725.5087204189206,0.0
980,0.33,0.0,0.67,77.3102900775948,600.8371095355636,0.0
981,0.34,0.66,0.0,1.3486666666666667,1829.8519396167014,1.0
982,0.34,0.65,0.01,1.3693799161359679,1801.6322241283297,1.0
983,0.34,0.64,0.02,1.3907291465925604,1773.431689350859,1.0
984,0.34,0.63,0.03,1.4127441055245733,1745.2597432833372,1.0
985,0.34,0.62,0.04,1.4354564250228055,1717.12387869486,1.0
986,0.34,0.61,0.05,1.4588997734273903,1689.0302115554618,1.0
987,0.34,0.6,0.06,1.483110021856873,1660.9838764293502,1.0
988,0.34,0.59,0.07,1.5081254273519942,1632.9893278217673,1.0
989,0.34,0.58,0.08,1.5339868346008219,1605.050563293412,1.0
990,0.34,0.57,0.09,1.5607378984824765,1577.1713063342766,1.0
991,0.34,0.56,0.1,1.5884253299799607,1549.355144830115,1.0
992,0.34,0.55,0.11,1.6170991683760432,1521.6056453038877,1.0
993,0.34,0.54,0.12,1.6468130830689436,1493.9264472513403,1.0
994,0.34,0.53,0.13,1.6776247088376444,1466.321339518579,1.0
995,0.34,0.52,0.14,1.709596018963232,1438.7943287015805,1.0
996,0.34,0.51,0.15,1.7427937412887846,1411.3496958349297,1.0
997,0.34,0.5,0.16,1.7772898230954435,1383.9920470139375,1.0
998,0.34,0.49,0.17,1.8131619516101138,1356.7263535587037,1.0
999,0.34,0.48,0.18,1.8504941380698767,1329.5579926601922,1.0
1000,0.34,0.47,0.19,1.889377374585228,1302.4927840189903,1.0
1001,0.34,0.46,0.2,1.9299103746127857,1275.537002915327,1.0
1002,0.34,0.45,0.21,1.9722004097226216,1248.6974164823341,0.0
1003,0.34,0.44,0.22,2.0163642575935783,1221.9812958612597,0.0
1004,0.34,0.3,0.36,2.9325071350836365,880.4135978174193,0.0
1005,0.34,0.2,0.46,4.329885832597218,801.2613805619668,0.0
1006,0.34,0.1,0.56,8.236484742539522,727.9688061423885,0.0
1007,0.34,0.0,0.66,80.80326203958056,605.907224129965,0.0
1008,0.35,0.65,0.0,1.4096923076923076,1786.246902763215,1.0
1009,0.35,0.64,0.01,1.4316662317120974,1758.130565505713,1.0
1010,0.35,0.63,0.02,1.4543255481413209,1730.0484714202862,1.0
1011,0.35,0.62,0.03,1.4777028322983274,1702.0070078467484,1.0
1012,0.35,0.61,0.04,1.5018327570511096,1674.0115243535354,1.0
1013,0.35,0.6,0.05,1.5267522644080458,1646.0666302094799,1.0
1014,0.35,0.59,0.06,1.552500754233271,1618.1764317108405,1.0
1015,0.35,0.58,0.07,1.5791202921142518,1590.3447045873381,1.0
1016,0.35,0.57,0.08,1.6066558386882472,1562.5750489139625,1.0
1017,0.35,0.56,0.09,1.63515550305738,1534.8710022820444,1.0
1018,0.35,0.55,0.1,1.6646708232969276,1507.2361369651658,1.0
1019,0.35,0.54,0.11,1.6952570774974964,1479.6741425316432,1.0
1020,0.35,0.53,0.12,1.726973629290363,1452.1888931388914,1.0
1021,0.35,0.52,0.13,1.7598843123999994,1424.784508912635,1.0
1022,0.35,0.51,0.14,1.7940578594652827,1397.4654075322578,1.0
1023,0.35,0.5,0.15,1.8295683811911345,1370.236348326468,1.0
1024,0.35,0.49,0.16,1.8664959028598764,1343.102472794043,1.0
1025,0.35,0.48,0.17,1.9049269663764155,1316.0693398732199,1.0
1026,0.35,0.47,0.18,1.9449553073802965,1289.1429524743587,1.0
1027,0.35,0.46,0.19,1.9866826185761612,1262.3297832890876,0.0
1028,0.35,0.45,0.2,2.0302194123684565,1235.6367951830073,0.0
1029,0.35,0.3,0.35,3.019022992409309,875.2706872542758,0.0
1030,0.35,0.2,0.45,4.4585049972097766,802.4924924704923,0.0
1031,0.35,0.1,0.55,8.486818079348568,730.3720223701483,0.0
1032,0.35,0.0,0.65,84.40371006193514,610.8510444438579,0.0
1033,0.36,0.64,0.0,1.472625,1742.9468259407347,1.0
1034,0.36,0.63,0.01,1.495929358800439,1714.9570623441193,1.0
1035,0.36,0.62,0.02,1.5199723254575543,1687.0117588211624,1.0
1036,0.36,0.61,0.03,1.5447895795175037,1659.1157065021032,1.0
1037,0.36,0.6,0.04,1.5704191362070217,1631.2731356112859,1.0
1038,0.36,0.59,0.05,1.596901540738397,1603.4879050728764,1.0
1039,0.36,0.58,0.06,1.6242800823396828,1575.7636409280246,1.0
1040,0.36,0.57,0.07,1.652601030386532,1548.10387170792,1.0
1041,0.36,0.56,0.08,1.6819138953449804,1520.5121219206703,1.0
1042,0.36,0.55,0.09,1.7122717176208306,1492.9919981283103,1.0
1043,0.36,0.54,0.1,1.7437313878606924,1465.5472593615962,1.0
1044,0.36,0.53,0.11,1.7763540027739833,1438.1818812122,1.0
1045,0.36,0.52,0.12,1.8102052611581712,1410.9001088832501,1.0
1046,0.36,0.51,0.13,1.8453559055284916,1383.706505092485,1.0
1047,0.36,0.5,0.14,1.8818822155989188,1356.605989693661,1.0
1048,0.36,0.49,0.15,1.9198665608585455,1329.603877626211,1.0
1049,0.36,0.48,0.16,1.959398020667816,1302.705911814171,1.0
1050,0.36,0.47,0.17,2.000573081700061,1275.9182826958627,1.0
1051,0.36,0.46,0.18,2.0434964242225346,1249.2476575296923,0.0
1052,0.36,0.45,0.19,2.0882818107056975,1222.7011970446226,0.0
1053,0.36,0.3,0.34,3.1056347670132824,870.9624867616822,0.0
1054,0.36,0.2,0.44,4.5873343275023855,803.7040375456887,0.0
1055,0.36,0.1,0.54,8.737928861699045,732.7204552280572,0.0
1056,0.36,0.0,0.64,88.11667208498827,615.6710424563317,0.0
1057,0.37,0.63,0.0,1.5375555555555556,1699.9850212780887,1.0
1058,0.37,0.62,0.01,1.5622649234288528,1672.1371267679149,1.0
1059,0.37,0.61,0.02,1.5877702606871138,1644.3413779139014,1.0
1060,0.37,0.6,0.03,1.6141106581087445,1616.6017309594165,1.0
1061,0.37,0.59,0.04,1.6413278087842298,1588.9218652706247,1.0
1062,0.37,0.58,0.05,1.6694662283292179,1561.3053176950523,1.0
1063,0.37,0.57,0.06,1.6985734978444553,1533.7555829125758,1.0
1064,0.37,0.56,0.07,1.728700532411821,1506.2762013873364,1.0
1065,0.37,0.55,0.08,1.759901878313564,1478.870835344368,1.0
1066,0.37,0.54,0.09,1.7922360426247075,1451.5433314827358,1.0
1067,0.37,0.53,0.1,1.8257658593684492,1424.297778901818,1.0
1068,0.37,0.52,0.11,1.8605588970557776,1397.1385578665258,1.0
1069,0.37,0.51,0.12,1.8966879131710586,1370.070382725725,1.0
1070,0.37,0.5,0.13,1.9342313620362555,1343.0983399503343,1.0
1071,0.37,0.49,0.14,1.9732739635139405,1316.227922034789,1.0
1072,0.37,0.48,0.15,2.0139073412250803,1289.4650540089244,1.0
1073,0.37,0.47,0.16,2.056230740400997,1262.8161183693396,0.0
1074,0.37,0.46,0.17,2.1003518372081795,1236.287976730636,0.0
1075,0.37,0.4,0.23,2.410180784732901,1080.1157137501957,0.0
1076,0.37,0.3,0.33,3.1923426184945143,867.3510142708915,0.0
1077,0.37,0.2,0.43,4.716374339017147,804.8965863736665,0.0
1078,0.37,0.1,0.53,8.989820716923983,735.016092772683,0.0
1079,0.37,0.0,0.63,91.94750591829711,620.3698467558447,0.0
1080,0.38,0.62,0.0,1.6045806451612898,1657.3817660509908,1.0
1081,0.38,0.61,0.01,1.6307748204425516,1629.686910644155,1.0
1082,0.38,0.6,0.02,1.6578268509917122,1602.050568321091,1.0
1083,0.38,0.59,0.03,1.6857795803127873,1574.476299730684,1.0
1084,0.38,0.58,0.04,1.714678753161874,1546.9675892396754,1.0
1085,0.38,0.57,0.05,1.7445732653579658,1519.5279304945261,1.0
1086,0.38,0.56,0.06,1.775515439857858,1492.1609043905783,1.0
1087,0.38,0.55,0.07,1.8075613323741073,1464.8702456592634,1.0
1088,0.38,0.54,0.08,1.8407710702913713,1437.6599032045403,1.0
1089,0.38,0.53,0.09,1.8752092291920734,1410.5340903224333,1.0
1090,0.38,0.52,0.1,1.9109452519522023,1383.497330361591,1.0
1091,0.38,0.51,0.11,1.948053916130256,1356.5544955632802,1.0
1092,0.38,0.5,0.12,1.9866158562688392,1329.7108428051358,1.0
1093,0.38,0.49,0.13,2.0267181487860975,1302.9720439051189,1.0
1094,0.38,0.48,0.14,2.0684549683858218,1276.3442094885631,1.0
1095,0.38,0.47,0.15,2.11192832640107,1249.833913200378,0.0
1096,0.38,0.46,0.16,2.1572489032562623,1223.4482138746257,0.0
1097,0.38,0.4,0.22,2.4755203377758064,1068.2321977983713,0.0
1098,0.38,0.3,0.32,3.2791467068062343,864.3100359126571,0.0
1099,0.38,0.2,0.42,4.845625548983721,806.07068612001,0.0
1100,0.38,0.1,0.52,9.242497294956989,737.2608375409395,0.0
1101,0.38,0.0,0.62,95.90191503655133,624.9502125852407,0.0
1102,0.39,0.61,0.0,1.6738032786885249,1615.1505040747,1.0
1103,0.39,0.6,0.01,1.7015677357580083,1587.6176805148,1.0
1104,0.39,0.59,0.02,1.7302568772912903,1560.149109934946,1.0
1105,0.39,0.58,0.03,1.759917679943622,1532.7482559105952,1.0
1106,0.39,0.57,0.04,1.7906003572518743,1505.4186352458878,1.0
1107,0.39,0.56,0.05,1.8223586433139962,1478.1638881869458,1.0
1108,0.39,0.55,0.06,1.855250106834661,1450.9878388866305,1.0
1109,0.39,0.54,0.07,1.8893364993982154,1423.8945491749057,1.0
1110,0.39,0.53,0.08,1.9246841424015964,1396.8883656889354,1.0
1111,0.39,0.52,0.09,1.9613643577482431,1369.9739613643642,1.0
1112,0.39,0.51,0.1,1.9994539481880582,1343.1563716130056,1.0
1113,0.39,0.5,0.11,2.0390357341106813,1316.4410268545553,1.0
1114,0.39,0.49,0.12,2.080199154687358,1289.8337790311484,1.0
1115,0.39,0.48,0.13,2.1230409425443715,1263.3409263054903,0.0
1116,0.39,0.47,0.14,2.167665882679842,1236.9692347262453,0.0
1117,0.39,0.4,0.21,2.540914775924638,1056.4747510343186,0.0
1118,0.39,0.3,0.31,3.3660471922569406,861.7332364210721,0.0
1119,0.39,0.2,0.41,4.9750884763262535,807.2268615237084,0.0
1120,0.39,0.1,0.51,9.495962268508558,739.4565080924033,0.0
1121,0.39,0.0,0.61,99.98597691278114,629.4149936912453,0.0
1122,0.4,0.6,0.0,1.7453333333333327,1573.3010166410616,1.0
1123,0.4,0.59,0.01,1.7747597217121922,1545.9381458754326,1.0
1124,0.4,0.58,0.02,1.805183031807428,1518.645090524777,1.0
1125,0.4,0.57,0.03,1.8366547978798977,1491.425411888606,1.0
1126,0.4,0.56,0.04,1.8692301684421337,1464.2828251366152,1.0
1127,0.4,0.55,0.05,1.9029682287606955,1437.2212563396436,1.0
1128,0.4,0.54,0.06,1.937932358518535,1410.244890413307,1.0
1129,0.4,0.53,0.07,1.9741906291922509,1383.3582135459765,1.0
1130,0.4,0.52,0.08,2.011816246386183,1356.5660577046722,1.0
1131,0.4,0.51,0.09,2.0508880431712138,1329.8736213348225,1.0
1132,0.4,0.5,0.1,2.0914910314241912,1303.2865115020054,1.0
1133,0.4,0.49,0.11,2.13371701928246,1276.8107625789569,1.0
1134,0.4,0.48,0.12,2.177665304151874,1250.4528610154555,0.0
1135,0.4,0.47,0.13,2.223443452278586,1224.2197708186513,0.0
1136,0.4,0.4,0.2,2.6063641683635357,1044.8470526700526,0.0
1137,0.4,0.3,0.3,3.4530442355113724,859.5346337804516,0.0
1138,0.4,0.2,0.4,5.104763641670302,808.3656160966477,0.0
1139,0.4,0.1,0.5,9.750219333243992,741.6048422548832,0.0
1140,0.4,0.0,0.6,104.20617418488527,633.7671167183532,0.0
1141,0.41,0.59,0.0,1.81928813559322,1531.841236039404,1.0
1142,0.41,0.58,0.01,1.850474831913289,1504.655866566287,1.0
1143,0.41,0.57,0.02,1.8827366116247042,1477.5459928267694,1.0
1144,0.41,0.56,0.03,1.9161300409352056,1450.5154199037856,1.0
1145,0.41,0.55,0.04,1.9507157252510048,1423.5681858853136,1.0
1146,0.41,0.54,0.05,1.9865586762614444,1396.7086070313865,1.0
1147,0.41,0.53,0.06,2.023728719797821,1369.9413161039577,1.0
1148,0.41,0.52,0.07,2.0623009498498575,1343.2713062603248,1.0
1149,0.41,0.51,0.08,2.1023562349513205,1316.7039440283042,1.0
1150,0.41,0.5,0.09,2.1439817841202573,1290.245014100162,1.0
1151,0.41,0.49,0.1,2.1872717806886266,1263.900734932019,0.0
1152,0.41,0.48,0.11,2.2323280937163874,1237.6777814131883,0.0
1153,0.41,0.4,0.19,2.671868584392966,1033.3563834534775,0.0
1154,0.41,0.3,0.29,3.5401379975915095,857.6459101918578,0.0
1155,0.41,0.2,0.39,5.2346515673498235,809.487432960403,0.0
1156,0.41,0.1,0.49,10.005272207963039,743.7075031680346,0.0
1157,0.41,0.0,0.59,108.56942899163695,638.0095552216075,0.0
1158,0.42,0.58,0.0,1.895793103448276,1490.7783728806455,1.0
1159,0.42,0.57,0.01,1.9288458228979568,1463.778143250473,1.0
1160,0.42,0.56,0.02,1.9630582865172386,1436.8594237521163,1.0
1161,0.42,0.55,0.03,1.998492623437755,1410.0263738909289,1.0
1162,0.42,0.54,0.04,2.0352154812719316,1383.283447645334,1.0
1163,0.42,0.53,0.05,2.0732984444907037,1356.6354323373125,1.0
1164,0.42,0.52,0.06,2.1128185001647197,1330.087480360546,1.0
1165,0.42,0.51,0.07,2.1538585574448996,1303.6451324236796,1.0
1166,0.42,0.5,0.08,2.1965080281583327,1277.3143521343811,1.0
1167,0.42,0.49,0.09,2.2408634770756577,1251.1015403561937,0.0
1168,0.42,0.48,0.1,2.2870293518029863,1225.0135777739215,0.0
1169,0.42,0.4,0.18,2.7374280934299713,1022.0155509266773,0.0
1170,0.42,0.3,0.28,3.627328639877563,856.8389382097398,0.0
1171,0.42,0.2,0.38,5.364752777414199,810.5927771994873,0.0
1172,0.42,0.1,0.48,10.26112463478119,745.7660785040946,0.0
1173,0.42,0.0,0.58,113.08314086069048,642.145318104026,0.0
1174,0.43,0.57,0.0,1.9749824561403508,1450.1196748559303,1.0
1175,0.43,0.56,0.01,2.0100149309433903,1423.312645764491,1.0
1176,0.43,0.55,0.02,2.046298950486537,1396.5936344073286,1.0
1177,0.43,0.54,0.03,2.0839028022309134,1369.9672389666287,1.0
1178,0.43,0.53,0.04,2.122899833581972,1343.4384037627083,1.0
1179,0.43,0.52,0.05,2.163368929397911,1317.0124436225485,1.0
1180,0.43,0.51,0.06,2.205395044613469,1290.6950763002462,1.0
1181,0.43,0.5,0.07,2.2490697995465116,1264.4924448554293,0.0
1182,0.43,0.49,0.08,2.29449214666602,1238.4111397113245,0.0
1183,0.43,0.4,0.17,2.8030427650084064,1010.8456952716177,0.0
1184,0.43,0.3,0.27,3.7146163241089716,857.467195642754,0.0
1185,0.43,0.2,0.37,5.49506779763525,811.6820947360974,0.0
1186,0.43,0.1,0.47,10.51778037931271,747.78208728587,0.0
1187,0.43,0.0,0.57,117.75522858479852,646.1774156602094,0.0
1188,0.44,0.56,0.0,2.057,1409.872961496169,1.0
1189,0.44,0.55,0.01,2.0941347335964204,1383.267856114379,1.0
1190,0.44,0.54,0.02,2.1326206678552944,1356.7578881302172,1.0
1191,0.44,0.53,0.03,2.172532917421434,1330.3481592274957,1.0
1192,0.44,0.52,0.04,2.213952269658327,1304.0441529151042,1.0
1193,0.44,0.51,0.05,2.2569657304636217,1277.851763674026,1.0
1194,0.44,0.5,0.06,2.3016671343416153,1251.7773131188744,0.0
1195,0.44,0.49,0.07,2.348157827734939,1225.8276022917516,0.0
1196,0.44,0.4,0.16,2.868712668779189,999.8801464081644,0.0
1197,0.44,0.3,0.26,3.802001212385397,858.0892965072051,0.0
1198,0.44,0.2,0.36,5.6255971555143605,812.7558145102759,0.0
1199,0.44,0.1,0.46,10.775243230855356,749.7569830064026,0.0
1200,0.44,0.0,0.56,122.5941765847675,650.1088549167123,0.0
1201,0.45,0.55,0.0,2.142000000000001,1370.0470077747023,1.0
1202,0.45,0.54,0.01,2.181369106898024,1343.6533866874377,1.0
1203,0.45,0.53,0.02,2.222197726397699,1317.362719330111,1.0
1204,0.45,0.52,0.03,2.264568553096687,1291.1806603351392,1.0
1205,0.45,0.51,0.04,2.3085706490470956,1265.1132782937364,0.0
1206,0.45,0.5,0.05,2.354300068649274,1239.1670925652143,0.0
1207,0.45,0.4,0.15,2.934437874510547,989.1700640614279,0.0
1208,0.45,0.3,0.25,3.889483467167739,858.7053580995088,0.0
1209,0.45,0.2,0.35,5.7563413802895615,813.814348699723,0.0
1210,0.45,0.1,0.45,11.03351700257687,751.6921543449528,0.0
1211,0.45,0.0,0.55,127.6090863301899,653.9426225477991,0.0
1212,0.46,0.54,0.0,2.2301481481481478,1330.6518148586947,1.0
1213,0.46,0.53,0.01,2.2718942909382345,1304.480195956819,1.0
1214,0.46,0.52,0.02,2.3152178119055984,1278.4201130457645,1.0
1215,0.46,0.51,0.03,2.3602098344608513,1252.4778123827657,0.0
1216,0.46,0.5,0.04,2.40696863862401,1226.6600217989746,0.0
1217,0.46,0.4,0.14,3.000218452088264,978.7881593640411,0.0
1218,0.46,0.3,0.24,3.977063251279133,859.3154937773008,0.0
1219,0.46,0.2,0.34,5.887301002942702,814.8580954977795,0.0
1220,0.46,0.1,0.44,11.292605531703263,753.5889316553458,0.0
1221,0.46,0.0,0.54,132.80973347359097,657.681671448512,0.0
1222,0.47,0.53,0.0,2.321622641509434,1291.698792907456,1.0
1223,0.47,0.52,0.01,2.3659000783196324,1265.7607492233228,0.0
1224,0.47,0.51,0.02,2.4118833208471475,1239.9436553243174,0.0
1225,0.47,0.4,0.13,3.0660544715159292,968.8309512967527,0.0
1226,0.47,0.3,0.23,4.064740727905963,859.919814104273,0.0
1227,0.47,0.2,0.33,6.018476556206634,815.8874357594318,0.0
1228,0.47,0.1,0.43,11.552512679708798,755.4485874784873,0.0
1229,0.47,0.0,0.53,138.206631452592,661.3289171304137,0.0
1230,0.48,0.52,0.0,2.416615384615384,1253.2009143297882,0.0
1231,0.48,0.4,0.12,3.1319460029151784,959.4152744978471,0.0
1232,0.48,0.3,0.22,4.152516060598869,860.5184260664366,0.0
1233,0.48,0.2,0.32,6.14986857457243,816.9027391577081,0.0
1234,0.48,0.1,0.42,11.81324233250788,757.2723394877296,0.0
1235,0.48,0.0,0.52,143.8111024307855,664.8872186579449,0.0
1236,0.6,0.4,0.0,3.926999999999999,900.1945652607587,0.0
1237,0.6,0.3,0.1,5.213512860189649,867.2918779093648,0.0
1238,0.6,0.2,0.2,7.743654059636286,828.108800127996,0.0
1239,0.6,0.1,0.3,15.007602234536897,776.736354992804,0.0
1240,0.6,0.0,0.4,232.92219098406096,701.6011431806469,0.0
1241,0.7,0.3,0.0,6.108666666666665,872.4287273574956,0.0
1242,0.7,0.2,0.1,9.096363186833063,836.2909186006401,0.0
1243,0.7,0.1,0.2,17.76557584298882,790.234356406492,0.0
1244,0.7,0.0,0.3,361.6382077832368,725.5955319738554,0.0
1245,0.8,0.2,0.0,10.472,843.6382273278613,0.0
1246,0.8,0.1,0.1,20.61548353201103,801.8957041948579,0.0
1247,0.8,0.0,0.2,619.0702413815881,745.3378673075226,0.0
1248,0.9,0.1,0.0,23.561999999999994,812.1262164233402,0.0
1249,0.9,0.0,0.1,1391.3663421766428,761.9313809229022,0.0
1250,1.0,0.0,0.0,inf,776.137242945839,0.0
